title,category
'北무인기' 관여 국정원 직원·군인 등 3명 불구속 송치,Social
"남부발전, 행정안전부 '데이터 기반 행정 평가' 4년 연속 최고 등급 달성",Social
종량제 봉투 부족 땐 일반 봉투도 된다,Social
‘봄철 대형 산불 예방’… 울산 대응단계 간소화·기반시설 확충,Social
‘산재와의 전쟁’ 선포에도 2025년 산재사망자 2.7% 늘어난 605명…첫 증가 전환,Social
"충남도교육청, '승용차 5부제' 시행…공공 에너지 절약 나선다",Social
"판사에 제출된 판례·증거, AI가 만든 가짜였다…법원, 소송비용 독박, 변호사 징계 의뢰 방안 제시 [세상&]",Social
"김문희 평가원장 ""수능 영어 1등급 비율 꼼꼼히 살피겠다""",Social
"국힘 조정훈, 공천헌금 의혹에 ""악의적 주장…당에 징계 요청""",Social
장수 1위 일본의 반전…“정답은 생선이 아니었다” [노화설계],Social
"김진태 지사 ""속초~고성 고속도로 예타 통과 도전""",Social
"""확률상 복권 당첨은 불가능"" 주장하던 수학 강사, 1등 5억 당첨",Social
"혈세 128억 썼는데… ""시·도 의회 해외출장, 보고서 공개 단 16%""",Social
"""왜 새치기해"" 싼 주유소서 순서 기다리다 흉기든 남성, 구속영장 반려",Social
베트남 유학생부터 전국 각지의사연까지…문장으로 피어난 ‘내가 사랑한 춘천’,Social
"'리조트 논란' 화성여자교도소 조감도…법무부, 확정안 공개하며 해명",Social
아내 살해 후 시신 유기 시도한 60대 남성 검거,Social
"아내 시신 여행용 가방에 넣어 야산으로…60대 남성, 아들 신고에 덜미",Social
"정성호 장관 ""특검 등에 검사 100명 빠져""…구자현 대검 차장 ""한계 도달""",Social
올 수능이 마지막 기회…작년 불수능 여파에 재도전 급증하나,Social
"대구 달성군·중구서 잇단 추락사고, 2명 사망",Social
[르포] 위스키 성지도 ‘썰렁’… 환율 직격탄 맞은 숭례문 수입상가,Social
"성동구 “정원오 전 구청장 칸쿤 출장 관련 의혹, 사실 왜곡”",Social
기차 타고 떠나는 공짜 여행…봄의 울진이 부른다,Social
윤석열 내란죄 2심 ‘계엄 준비 시점기’ 공방 예고…항소 이유서 보니,Social
[뉴스브리핑] 오늘의 주요뉴스,Social
[속보]‘13가지 의혹’ 김병기 경찰 4차 조사 “몸 별로 안 좋아···무혐의 입증할 것”,Social
[속보] ‘입원 치료’ 김병기 경찰 출석… 약 3주 만의 재소환,Social
“약속 파기” vs “사실무근”…도성훈 3선 앞두고 진실 공방,Social
주유소 '새치기 시비'에 흉기 위협한 30대 구속 면해,Social
"""키워주신 할머니, 요양병원 모시면 천벌 받을까"" 손주 간병 고민",Social
명태균·김영선 정치자금법 위반 사건 항소심 다음 달 개시,Social
"""카드 명의 도용됐다""…'130억원' 털어간 보이스피싱 일당의 수법",Social
"""주가조작하면 영원히 감옥""… 7월부터 '최대 무기징역'",Social
올해 수능 ‘불영어’ 안 되게 “난이도·1등급 비율 꼼꼼히 살필 것”,Social
[에듀플러스][2027 대입 집중 분석]⑥올해도 늘어나는 첨단학과…“서울 주요 대학 'AI·반도체 인재' 선발 늘린다”,Social
"‘장기기증’ 故 김창민 감독, 알고보니 폭행 당해 뇌출혈로 숨져",Social
"국힘 ""여직원과 칸쿤 출장""…정원오 ""실무 담당자, 단순 오기""",Social
국민의힘 대구 달서구청장 후보로 김용판 전 의원 확정,Social
"쓰는 앱만 봐도 세대가 보인다…“10대는 공부, 50대는 쇼핑”",Social
"성동구, 정원오 칸쿤 출장 의혹에 ""정상적 행정 절차""",Social
SUV 사각지대가 부른 비극…울산 단지내 7살 사망 사고,Social
"한화오션, 창원서 ‘K해양방산’ 이끌 ‘비밀무기’ 공개한다",Social
"대법, '2조원대 입찰담합' 7개 가구업체·임직원 유죄 확정",Social
"'윤석열 파면' 이색 선거사무소 개소식…오동현 의왕시장 예비후보 ""새시대 도약""",Social
KTX 개통 22주년 누적 이용객 12억3000만명 돌파…국가균형발전 이끈다,Social
"김영록 “단일화 존중…통합특별시, 갈등 아닌 공동정부로 이끌 것” [6·3의 선택]",Social
"종합특검, ""尹, 군형법상 반란"" 고발한 김경호 변호사 소환조사",Social
“39.8도까지 올랐는데도 출근”...숨진 유치원 교사의 마지막 메시지,Social
백종원 “억지 민원·고발로 잃어버린 1년…오너리스크 사라질 것”,Social
증권범죄 양형기준 상향…감형 노린 '기습 공탁' 기준도 수정,Social
"의정부시, 대웅그룹 연구소·생산시설 유치…대웅개발과 MOU",Social
"'폐기 음료' 3잔 가져간 카페 알바, 업무상 횡령?…법조계 ""평소 폐기 처리 방식 등 살펴봐야""",Social
"""공무원에 선거운동 시켜""...최윤홍 전 부산 부교육감 징역형 집유",Social
"'마약왕' 박왕열, 들킨 마약만 30억... 은닉 재산 어디에 숨겼나",Social
"""운전해보고 싶어서""…훔친 K5로 경찰차 들이받고 도주 10대 구속",Social
"'내란특검 첫 기소' 노상원 상고심, 대법원 2부에 배당돼",Social
"[속보] 아들이 ""부모님과 연락두절"" 신고…알고보니 아빠가 엄마 살해 후 시신 유기 시도",Social
"전자신문 구성원들 ""정상적 근무환경 유지 어렵다"" 집단 반발",Social
"검찰, 주유소서 새치기 시비하다 흉기 꺼낸 남성 구속영장 반려",Social
AI가 만든 ‘유령 판례’ 법정 등장…검증 없이 제출하면 과태료·징계,Social
휴가 중 '군인 정신' 빛났다…택시기사 폭행범 끝까지 쫓은 육군 일병,Social
"'3.11 쇼크'에 무너졌던 수능 난이도, 올해는 다를까",Social
대전 ‘3칸 굴절차량’ 첫 시운전…도심형 대용량 교통수단 도입 본격화,Social
"70억 들인 명정천, 쓰레기로 주민 '눈살'…1주일째 방치",Social
“94세 맞나” 풍성한 머리에 탄력 피부…‘최강 동안’ 이길여 총장 화제,Social
'2조 빌트인 입찰 담합' 가구업체 유죄 확정…최양하 전 한샘 회장 무죄,Social
"[6·3충북]여야 기초단체장, 광역·기초의원 후보 윤곽(종합)",Social
"경기도교육감 진보후보 단일화 절차 중단...유은혜 ""안민석, 단일화 파행 시도 멈춰야""",Social
못 박힌 판자 누워 망치 '쾅쾅'...김정은 활짝 웃게 한 북한 '특수부대원',Social
7월부터 자금세탁·증권 범죄 더 무겁게 처벌…청소년 노린 불법도박도,Social
음료 3잔에 피소된 20대 카페 알바생…과거 전력 작용했나,Social
의사되려는 N수생 올해 몰린다…올해 수능 난이도 조절 어려운 이유 [세상&],Social
"조합원에게 ""XX놈"" 욕한 순정축협 간부…노조 ""수사해야""",Social
내달 6일 공공기관 5부제→‘2부제’로 강화 검토,Social
"""팔수록 적자""...고유가에 배달 포기 '석유집'",Social
"정부, 내달 6일 공공기관 5부제→'홀짝제'로 강화 검토",Social
캄보디아 범죄 통로 '하데스 카페' 송금책에 징역 3년 구형,Social
"최고가격제에도 오름세…화물차주 ""한달에 100만원 더 들어""",Social
“동네에 피부과 이렇게 많은데?” 알고보니…10곳 중 9곳 ‘전문의’ 아니다,Social
‘음료 3잔 마신 알바생’ 고소 사건에 ‘더본코리아’ 입장은?,Social
"학원차 내려 길 건너던 9살, 아파트 단지서 SUV에 치여 사망",Social
"어제 입사, 오늘 출산한 직원에 1억 줬을까…부영그룹 회장 대답은?",Social
[이시각헤드라인] 3월 31일 뉴스현장,Social
"46년 묶인 산단 규제 푼다… 부산, 업종 전면 개편",Social
후임 뒤에서 껴안고 강제추행한 해병대원에 법원 ‘선처’ 왜,Social
'내란특검 기소 첫 상고심' 노상원 사건 배당…주심 박영재,Social
눈치껏 비켜라? 시민과 부딪힌 러닝 크루 발언에 누리꾼 '부글부글',Social
'10조 전분당 담합' 대상·사조CPK 경영진 구속 심사 출석,Social
“값싼 식당 한눈에”…30대 청년이 만든 ‘거지맵’을 아시나요,Social
"동해해경청, 몰래 재배하는 대마·양귀비 7월 말까지 집중 단속",Social
인권위원장 “소년 범죄 흉포화 과장”···촉법소년 연령 하향 반대 성명,Social
"경실련 ""3년 반 동안 7번 넘게 해외 출장 광역의원 61명""",Social
1인당 10만∼60만원 '고유가 지원금'…소득 하위 70% 대상,Social
"""내 차 비싼거야""…'차부심'이 나쁜 운전 매너의 원인?",Social
"고유가 피해지원금 10만~60만원 지급…정부, 9.5조 추경 편성",Social
대규모 주가 조작 시 최대 무기징역…‘기습 공탁’ 감형은 제한,Social
"""국가재난 선포시 10만 원""… 성남시, 중동발 위기 정면 대응",Social
김용판 전 의원 국힘 대구 달서구청장 후보 확정,Social
"꽃게철 앞두고 중국어선 400척 출몰… 해경, 특별 단속",Social
합천 가면 여행비 절반 페이백…‘반값여행’ 4월 시행,Social
"양형위, 시세조정 등 증권·금융범죄 처벌 강화…최대 무기징역도 가능",Social
'나이롱·허위청구' 판친다…보험사기 '역대 최다',Social
“희망 씨앗 되길”…재일동포 유재근 회장 2억 기부 이유,Social
"‘금메달+병역면제’ 프로게이머 룰러, 탈세 추징 논란",Social
"낮에는 꽃길, 밤에는 미디어아트…안동 벚꽃축제 ‘24시간이 모자라’",Social
“쓰레기 봉투보다 포장재 대란이 더 큰 문제”…직격탄 맞은 자영업자들,Social
"중국서 되찾은 피싱 피해금 2400만원…국경 넘은 추적, 첫 환수",Social
"""10만원 갚아"" 했다가 도박판서 조롱…결국 흉기까지 꺼냈다",Social
"인천 경인아라뱃길서 남성 추정 시신 발견…""신원 파악 중""",Social
"인구 증가 천안·아산, 출생아 수 극명 대비",Social
‘장애아동 폭행’ 아산 태권도 관장 1심서 법정구속,Social
"이태원 특조위, 내일 윤석열·김광호 고발",Social
"각계 100인 ""AI시대 교육정책 대전환, 이 대통령 결단해야""",Social
"지역의료 문제 해결한다는 1.1조, 대형병원 운영비 안 되려면",Social
"KAI, 국민 50명 선정 이름·메시지 우주로 쏘아올린다",Social
"신상진 성남시장, ‘국가 재난 선포’ 필요성 강조",Social
"한미약품, '외부출신' CEO 첫 선임…""R&D 극대화 할 것""(종합)",Social
"군산시, 쓰레기봉투 수요 급증에 일반 비닐봉투 배출 허용",Social
"""심근경색 환자, 베타차단제 평생 복용 안 해도 된다""",Social
"민주당 경북도당 ""문경관광공사 국힘 입당 강제동원 사건, 배후까지 밝혀라""",Social
중국서 되찾은 피싱 피해금 2400만원…어떻게 돌려받았나,Social
"홍서범·조갑경 사과에 전 며느리 ""부모 잘못? 방관했잖아요""",Social
"조갑경, 아들 불륜→양육비 논란 속 예능 토크쇼 출연…시청자 반응은 '싸늘' [프레스룸 뉴스라이브]",Social
"올해 ‘불수능’ 피할까…“적정 변별력 확보, 학교 수업 충실하면 돼”",Social
[속보]이혼 소송 중이던 아내 살해 뒤 유기 시도 60대…아들 신고로 체포,Social
'北 침투 무인기' 관여 국정원 직원·현역 군인 불구속 송치,Social
김산 무안군수 3선 도전…'7대 비전 제시',Social
"""경남 사천공항 하늘길 넓힌다""...섬에어 신규 취항",Social
"이혁재 ""언론 비판, 두렵지 않다"" / 명현만, 중학생 흡연 훈계했다가… / 제복 입고 국밥집 찾은 참전용사 [프레스룸 뉴스라이브]",Social
"김문희 평가원장 ""수능 영어 1등급 비율 꼼꼼히 살피겠다""",Social
'엎친 데 덮친 격' 나프타 수급 비상 속 종량제 봉투 품귀 현상에 이어 치솟는 도매가 [프레스룸 경제라이브],Social
"""장기 성장전략 연속성 확보""…루닛, 백승욱 의장 중임",Social
해수부 선정 4월의 수산물은 ‘가자미’ ‘홍어’,Social
"‘신발 폭행’ 순정축협, 법인 과태료 직원 전가 논란···노조 “2차 가해”",Social
"인권위 ""촉법소년 연령 하향, 재범 위험 키울 수 있어…신중해야""",Social
"울산 아파트서 학원차에서 내린 초등생, SUV에 치여 숨져",Social
"GTX-B 본사, 인천 송도에 건립…열차 운행 총괄",Social
"'벚꽃, 오늘이 제일 예쁜 날' 안동시, 낙동강변서 벚꽃축제",Social
‘이혼 소송’ 아내 살해 후 시신 유기 시도한 60대男… 아들 신고로 체포,Social
'티웨이항공→트리니티항공' 사명 변경 확정,Social
실시간 트렌드로 본 경기지사 경선…1위 포함 10위권 내 5개,Social
한양여대 두 차례 불 지른 20대 구속영장 방침,Social
"美 반환 공여지 첨단산업 키운다…의정부시, 대웅그룹과 바이오 클러스터 조성",Social
"“복권? 확률상 불가능해”라던 수학강사, 1등 5억 당첨…친구들과 나눠 갖는다",Social
"‘허위 공문서 작성 혐의’ 대구 중구의원 2명, 항소심 기각",Social
[분노의 회계사]① “100시간 일해도 기록 못해” … 회계사 울리는 ‘타임이팅’,Social
"광역의원 해외출장 비용 128억…3년 6개월 사이 7회 이상 61명""",Social
나는 얼마 받을까?…1인당 최대 60만원 고유가 피해 지원금 준다,Social
울산대교 및 접속도로 통행료 1년 더 동결,Social
‘국힘 입당 강요’ 문경관광공사 간부 수사의뢰…민주당 “몸통과 배후 밝혀라”,Social
"평가원 ""올해 수능, 적정 난이도가 대원칙…1등급 비율도 살펴볼 것""[일문일답]",Social
"""팔수록 손해""...고유가에 멈춘 '석유집'",Social
"""반바지라고 해서 샀더니 속바지""…당근서 벌어진 일",Social
"""오세훈 시장의 한강버스 사업, 감사원 보고서는 빙산의 일각""",Social
[6·3세종]김수현 삭발 투쟁…행정수도 완성 법안 지연 비판,Social
"성남시, 중동사태 '국가재난 선포' 건의...모든 가구에 10만원 지급 준비",Social
"""너무 아파, 눈물 나""… '39.8도 고열 출근' 유치원 교사의 생전 마지막 말",Social
'내란 특검 첫 상고심' 노상원 사건 주심에 박영재 대법관 배당,Social
"올해 수능 11월 19일, 불수능 오명 피할까…""적정 난이도 확보""",Social
"기후부, ‘재생에너지 중심’ 5245억 추경 편성",Social
"판사에 제출된 판례·증거, AI가 만든 가짜였다…법원, 소송비용 독박, 변호사 징계 의뢰 방안 제시 [세상&]",Social
"국민 70%에 고유가 지원금…수도권 10만원, 비수도권 15만원",Social
영남 산불 1년 후 달라진 것?…산불 대응 국가 모든 역량 총동원,Social
"""건들면 끝까지 간다""…정진욱 의원, SNS에 저격성 '섬뜩 글' 파장",Social
"김석기 창원시장 예비후보 ""NC다이노스 연고지 이전, 꼭 막겠다""",Social
"""돈 뜯어내는 거 하루이틀 아냐""…민주 텃밭 전북서 불거진 선거판 '돈' 이야기",Social
"한화오션, 미래 K-해양방산 이끌 주력 함정 선보인다",Social
"불영어에 새로 온 평가원장 ""수능 적정난이도"" 수차례 강조",Social
"재난·안전 공무원, '특별승진' 확대…근속승진 1~2년 단축",Social
"기후부, 추경 5245억 편성…재생에너지·취약계층 지원 '방점'",Social
울산 한 아파트에서 초등학생 SUV승용차 치여 숨져,Social
"'가상 무속인' 내세워 수십억 뜯은 부부…""돈 받았지만 기망·협박 없었다""",Social
6월 모의평가 6월4일 시행…원서 접수 4월6일부터,Social
[26조 전쟁 추경안] 농식품부 예산 2600억 반영…“영농철 맞아 대폭 확충해야”,Social
"“尹 군형법상 반란수괴·조희대 내란 가담"" 김경호 변호사 2차 특검 고발인 조사",Social
화성 아리셀 인근 화학공장 화재…인명 피해 없어(종합),Social
"오준환, 컷오프 단식 6일째 중단…“분노 아닌 고양시 미래 선택”",Social
"경기도, 평택 포승지구 개발계획 변경…유치 업종 5→8개 확대",Social
"'청년취업'에 3866억 투입…노동부, 추경 5386억 편성",Social
[2026 추경] '쉬었음' 청년 노동시장 복귀·청년 창업에 1.9조원,Social
'반헌법행위자열전' 발간…이승만·양승태·김기춘 등 지목(종합),Social
"[천안 24시] 천안시, 삼성전자 협력사 대상 'K-반도체 거점' 세일즈",Social
"184m 높이서 짜릿 체험…""세계적 관광 명소로 키운다""",Social
영국 왕실 200년 역사가 한자리에…장생포특별전 개막,Social
"지난번은 '불수능'이었는데 올해는?…평가원 ""적정 난이도 확보""",Social
"이태원 특조위, '청문회 불출석' 윤석열 고발장 내일 제출",Social
"“병명 아는 데만 9년”...정부, 희귀질환 진단지원 확대한다",Social
"""'불영어' 없도록 절대평가 취지 맞게 출제…사교육 관련 출제진 배제""",Social
싼 맛에 몰려왔는데 꽉 닫힌 지갑 왜…돌파구 마련 '비상',Social
화성 서신면 화학공장서 불…화학물질 유출은 없어,Social
"편마비 앓던 80대, 요양원 침대서 낙상 이후 숨져…경찰 수사 착수",Social
"시세조종시 최대 무기징역 가능…법원, '몰래 공탁'에도 제동",Social
"검찰, 캄보디아 유인 '하데스 카페' 송금책 징역 3년 구형",Social
"군경합동조사TF, '무인기 관여' 국정원 직원·현역 군인 등 3명 송치",Social
“공대생들 벚꽃 보고 오세요!”…1만 ‘좋아요’ 부른 낭만 과제,Social
올해 수능 11월 19일 실시…“EBS 연계 체감율 높일 것”,Social
종량제 대신 일반 봉투 쓸 수 있나…기후부 검토 나섰다,Social
‘북 무인기 관여’ 군인 등 3명 불구속 송치,Social
"국민의힘, 대구 달서구청장 후보 김용판 확정",Social
"조용식 울산교육감 후보 ""음주운전…잘못된 일, 반성의 기준점""",Social
'싼 주유소'에 몰린 대기줄‥새치기 했다며 '흉기',Social
"“당비 대납까지 제안”…문경 공기업 간부 2명, 입당·당원모집 강요 의혹 수사 의뢰",Social
"""방산은 생존과 직결된 산업... 휴전국 대한민국의 현실""",Social
차량 운행제한 강화되나…'5부제→홀짝제' 전환 검토,Social
"파주시, 종량제봉투 공급 안정화 대책 추진...가격 인상 계획 없어",Social
"""강원 경제청사 원주로""…구자열 예비후보 공약 발표",Social
"정부, 울산 석유 90만 배럴 北 유입설에 “가짜 뉴스, 엄정 대응”",Social
산책하던 시민 치고 간 러닝 크루…항의하자 “운동하는 사람들 안 보여?” 되레 큰소리,Social
울산 아파트 단지서 초등생 SUV에 치여 숨져,Social
"""경기지사 왜?"" 김·한 집중공세…추미애 ""좀 알려달라"" 준비성 '도마'",Social
"아내 살해 후 시신 유기하려던 60대 남성…""부모님 연락두절"" 아들 신고에 '덜미'",Social
"김문희 평가원장 ""수능 영어 1등급 비율 꼼꼼히 살피겠다""",Social
"김두겸 울산시장, 지방선거 등판 미뤄…""민생안정 먼저""",Social
"올해 수능 11월 19일…평가원장 ""적정 난이도 안정적 출제""(종합)",Social
"중국서 되찾은 보이스피싱 피해금 2400만 원···강원경찰, 중국 형사판결 토대로 전액 환수",Social
"올해 수능 11월19일, 불수능 오명 피할까…""적정 난이도 확보""(종합)",Social
"70대 고령 투자자에 사모펀드 불완전판매...법원, '전액 배상' 판결",Social
“왜 끼어들어” 고유가 속 주유소 새치기 시비 끝에 ‘흉기’,Social
"2만 명이 지켜낸 700일, 세종보 천막농성이 남긴 선물",Social
"'가짜 무속인' 내세워 87억 갈취…""돈 받았지만 협박 아냐""",Social
피부과 가기 전 간판 확인 필수…10곳 중 9곳 ‘비전문의’,Social
"""비슬산 참꽃 보러 오세요""…서른 돌 맞은 달성 '비슬산 참꽃문화제' 17일 개막",Social
즐거운밥상 천안시 계약해지 재검토 탄원 쇄도,Social
[12뉴스] 오늘의 주요뉴스,Social
"일상 위협하는 '약물 운전'…경찰, 4월 처벌 강화 맞아 특별단속",Social
"‘선거에 공무원 동원’ 최윤홍 전 부산 부교육감, 1심서 집유",Social
‘산재와의 전쟁’ 선포에도 2025년 산재사망자 2.7% 늘어난 605명…첫 증가 전환,Social
"6월 모의평가, 오는 6월 4일 실시…'난이도 조절 실패' 오명 벗을까",Social
"한화오션, 이순신방위산업전서 차세대 구축함·잠수함 구조함 공개",Social
‘산재와의 전쟁’ 선포에도…사업주 과실로 숨진 노동자 16명 더 늘어,Social
"대법, 한샘 등 ‘입찰 담합’ 가구업체들 벌금형 확정",Social
"4월부터 ‘약물운전’ 특별단속…직선 보행, 한 발 서기 확인한다",Social
직업계고서 학점 따고 전문대 졸업 앞당긴다,Social
"인권위, 촉법소년 연령 하향 '신중론' …""재범 증가 부작용 사례도""",Social
‘산재와의 전쟁’ 선포에도 산재 사망 600명 넘겨…소규모 사업장서 증가,Social
"우리 아이 먹는 항생제, 정말 안전할까? 3분의 1이 ‘부적절 처방’",Social
"""알바 갔다올게"" 아내의 외도…가정폭력 누명까지 씌워",Social
"최양하 전 한샘 회장, ‘가구 2조 입찰 담합’ 무죄 확정… 임직원은 유죄",Social
제조업 두 달 연속 '플러스'… 2월 사업체 고용 17만 명 증가,Social
"지난해 운수·창고·통신업, 산재사망 건설업 이어 2위 됐다",Social
"'산재 사망' 경기도는 급감, 경북은 급증…왜일까?",Social
추락사고로 10명 중 4명 사망…소규모 건설현장 '안전 열악',Social
재생에너지 풍년이면 뭐하나…유통망이 없는데 [지금은 기후위기],Social
촉법소년 연령 하향 논의에… 인권위원장 “매우 신중해야”,Social
"‘2조원대 빌트인 담합 사건’ 최양하 전 한샘 회장 무죄 확정, 임직원은 전원 유죄",Social
‘2조3000억 빌트인 가구 담합’ 한샘 등 8개 가구업체 유죄 확정,Social
'산재 전쟁' 초라한 첫 성적표…지난해 산재사망 605명 2.7%↑,Social
"""몸 관리 못 해 죄송해요""…눈물 나는 사망 전 메시지 [포크뉴스]",Social
"경찰, 약물운전 특별단속…“현장서 한 발 서기 테스트”",Social
"권순기 경남교육감 예비후보 ""보수 단일화 신중히 결정""",Social
대규모 주가조작 '최대 징역 19년'…증권범죄 양형기준 상향,Social
'2조 담합' 가구업체들 유죄 확정…한샘 최양하 前회장은 무죄,Social
지난해 산재 사망자 처음으로 증가…대형 사고·영세 사업장 산재 여파,Social
작년 산재 유족급여승인 872명…1만명당 사망 3년 연속 '0.3대',Social
3년 만에 늘어난 산재사망…영세사업장 ‘안전사각’,Social
카드 배송원 전화부터 사기였다... 130억 뜯은 보이스 피싱 조직,Social
지난해 산재 사고사망 전년 比 45명 증가…5인 미만 영세업장 취약성↑,Social
아들 앞에서 폭행당해 뇌사…영화감독 숨졌는데 가해자는 풀려났다,Social
재택 중증소아환자 요양비 지원 확대…비급여가격 한눈에 비교,Social
"[단독]특검 ""수사2단, 선관위 강제수사 계획…비상계엄에서도 허용 안돼""",Social
포르쉐 추락·중앙선 침범 '약물운전'…4월 2일부터 첫 특별단속,Social
"‘반포대교 추락’ 등 연이은 약물운전 사고에…경찰, 특별단속 “현장서 직접 측정”",Social
"'산재와의 전쟁' 선포했지만...고속도로 붕괴, 화력발전소 붕괴까지, 산재 사망 3년 만에 증가세",Social
"인권위원장 ""촉법소년 연령 하향 신중해야…보호받을 인격체""",Social
지난해 산재 사망 605명…통계 작성 3년 만에 첫 증가세,Social
고용시장 훈풍 속 건설업종사자 21개월째 감소…노동 이동 활발,Social
'2조 입찰담합' 가구업체·임직원 유죄 확정…최양하 前한샘 회장 무죄,Social
"'약물운전 의심' 운전자, 한발서기·간이시약 검사…내달 2일부터 특별단속",Social
"""측정 거부도 처벌""…경찰, 2개월간 약물운전 특별단속",Social
"2일부터 약물 운전 처벌 강화…경찰, 두 달간 특별 단속",Social
9년간 783곳 신축 아파트서 담합…한샘 등 7개 가구업체 유죄 확정,Social
"한샘·에넥스·우아미 등 '2조원대 담합' 가구업체 7곳, 벌금형 확정",Social
"""과태료 직원에 떠넘기나"" 전북 노동계, 순정축협 상대 고소장",Social
"“복권 당첨? 확률상 불가능”…‘1등 5억 당첨’된 수학강사, 친구 2명과 나눈다",Social
장기기증 故김창민 감독… 알고보니 폭행 당해 뇌사,Social
"""이번에도 또 가르나?""…'법정동VS행정동' 포항 장량동 한 동네 가르는 선거구 불편 호소",Social
‘경기도 법카유용 혐의’ 전 비서실장 “지방선거 이후 재판해달라”,Social
"제주도의회 46명중 30명, 3년간 7회이상 해외출장",Social
"‘4명에 장기기증’ 故김창민 감독, 알고보니 폭행당해 뇌출혈 사망",Social
고령 농촌에 수십억 스마트방송… 사용법 어려워 먹통,Social
‘불영어’ 논란 교육부… “2027학년도 수능 적정 난이도로 출제”,Social
"올수능 11월 19일, 불수능 논란 관건…""적정 난이도 출제""(종합)",Social
"서울시, 2031년까지 공공주택 13만 가구 공급",Social
'북한 무인기' 국정원 직원·군인 송치…이적죄 방조,Social
선 넘은 ‘대학 구내식당’…“만원으로 한끼 먹기 버거워” ..런치플레이션 비상,Social
‘교육자치법 위반’ 최윤홍 전 부산교육청 부교육감 징역 10월에 집유 2년 선고,Social
‘北 무인기 침투’ 방조한 국정원·군인 등 3명 송치…79일 TF 활동 종료,Social
"""연세대에 감사""…순금 2.3㎏ 팔아 4억 7천만 원 익명 기부",Social
제주 재방문 늘었는데 지갑은 닫았다…1인당 3만694원 덜 써,Social
국밥 한 그릇 대접했더니… 제복 입고 다시 찾아온 '월남전 참전 용사',Social
‘공탁금 내면 형량 감경’ 7월부터 없어진다,Social
"국민의힘 충북도당, 충주시장·음성군수 후보 경선 '확정'",Social
"김정호 ""김해복합스포츠 사업 5억 횡령 의혹 몸통 밝혀라""",Social
"""가급적 아저씨라고 불러주면 ^^;""…아직은 '아저씨' 호칭이 좋은 대통령? [아침&매일경제]",Social
"""비방 지나쳐"" ""토론 불참 왜?"" 민주당 화순군수 경선 공방 과열",Social
"""집중력 높이려고""…배트로 중학생 선수 때린 야구클럽 감독",Social
‘호르무즈 해협 고립’ 목포해양대 실습생 2명 귀국…2명은 잔류,Social
"국힘, 대구 달서구청장 후보 김용판 확정",Social
'입식 최강' 190cm 헤비급 격투 선수도 중2 담배 훈계했다가 봉변 [아침&매일경제],Social
"올해 수능 11월 19일…평가원 ""안정적 출제 난이도 유지할 것""",Social
"성남시장 ""국가재난 선포되면 전 가구 지원금 지급""",Social
"[라이프]""인구소멸지역을 관광으로 활기차게""",Social
AI가 지어낸 ‘가짜 판례’ 법원에 내면 소송비용 전액 부담·변호사 징계,Social
'전분·당류 담합 의혹' 대상·사조 대표 등 구속 기로,Social
공동투자 ‘광역자원순환센터’ 마포-은평 소유권 분쟁 왜?,Social
"[6·3대전]맹수석 ""그들만의 해프닝, 단일화 논의 다시 시작""",Social
"공공기관 5부제 더 강화되나…정부, '홀짝제' 전환 검토",Social
민형배·주철현 단일화 임박…민주당 특별시장 경선 '2차 변수' 부상,Social
“교도소가 우리 집보다 좋다”… 온라인 달군 화성여자교도소 도면안 어떻길래,Social
"코어라인소프트, 獨기업과 'AI기반 폐암검진' 확산 협력",Social
"태국 마약 밀수 조직 총책 전직 프로야구선수 ""혐의 부인""",Social
"한미약품, 황상연 이사 선임…'첫 외부 영입 대표' 수순",Social
전국서 모인 강태공 예당호서 손맛 '만끽',Social
평소 5배…‘종량제 봉투’ 하루 270만장 팔렸다,Social
‘배부름현상’ 대전 천변고속화도로 옹벽 긴급 보수…한달간 통제,Social
"검찰, 캄보디아 유인 범죄온상 '하데스 카페' 송금책 실형 구형",Social
"빗속에서 꺼낸 김부겸의 출사표…대구 사투리로 ""저를 한 번 써 보이소"" [아침&매일경제]",Social
"올해 수능 11월 19일, 평가원 “킬러문항 배제·적절 변별” 약속",Social
"""교수 2명에게 갑질 피해""…유서 남긴 전남대 대학원생 산재 인정",Social
"김수현 ""지체된 정의에 분노"" 삭발…행정수도특별법 제정 촉구",Social
"민주당 시장 후보들, ""원팀"" 단일대오…""경선 결과 승복""[6·3창원]",Social
"'빨간 점퍼' 없이 대구시장 출마하려는 이진숙…""컷오프돼도 제가 후보입니다"" [아침&매일경제]",Social
'직원 이용 선거운동' 최윤홍 전 부산시교육청 부감 피선거권 박탈형,Social
한 달 넘은 이란 전쟁...정유·석유화학 업계 감산,Social
'보복 대행' 악용된 개인정보…거세지는 유출사 책임론,Social
악질 경제 범죄 늘었다…정식 재판 넘겨진 ‘경제사범’ 2년 연속 1만명 넘었다 [세상&],Social
음료 3잔이 550만 원 됐다… 카페 알바 사건은 업무상 횡령?,Social
기습 통제에 주차장으로 변한 대전도심 출근길…시민 불편 극심,Social
3·1절 위에 후지산·오사카성?…춘천 금융기관 달력 디자인 논란,Social
'10조원대 전분당 담합 의혹' 대상·사조CPK 경영진 구속 갈림길,Social
"이란은 '상어밥' 될 준비 하라는데…트럼프 ""협상 극도로 잘하고 있다"" [아침&매일경제]",Social
"갈길 먼 성평등…여성, 남성보다 가사노동에 시간 2.8배 더 쓴다",Social
"군경TF, '北무인기 관여' 국정원 직원·군인 등 3명 검찰 송치",Social
"북한판 '독거미 부대' 여군 특수부대 참관한 김정은, 이유는? [아침&매일경제]",Social
"‘쉬었음 청년’은 철이 없다?... SNL 또 논란, “청년 조롱 멈추고 사회 풍자 보여달라”",Social
판매량 5배 '점프'했다…종량제 봉투 수급 전쟁 중인 이 지역,Social
대규모 주가조작 최대 '무기징역'…자금세탁 양형 기준 신설,Social
"정부, 내달 6일 공공기관 5부제→'홀짝제'로 강화 검토",Social
이번 주말 강원도로 벚꽃 나들이 떠날까,Social
공군도 이제 '뺑뺑이'로…다음 달 첫 시행,Social
"'창동민자역사' 22년만에 준공…""도봉구 미래발전 새 출발점""",Social
"수도권광역급행철도 GTX-B 본사, 인천 송도에…열차 운행 총괄",Social
[이시각헤드라인] 3월 31일 뉴스센터,Social
화성 만세구 화학공장서 불…10명 대피·화학물질 유출 없어,Social
"대통령도 ""잠이 안 오는"" 에너지 문제…여야 대표들도 지하철·버스 타고 출근 [아침&매일경제]",Social
"'금은방 강도살인' 김성호, 1심 무기징역 불복해 항소",Social
학원 차 내려서 길 건너다... 아파트 단지서 초등생 SUV에 치여 숨져,Social
“확률상 불가능” 복권 안 믿던 수학 강사 5억 당첨… “친구와 나눌 것”,Social
"전북 군산, 생활쓰레기 ‘일반 비닐봉투’ 배출 허용",Social
"[동네톡톡] “선거운동이냐, 현역 프리미엄이냐… 단체장들 ‘출마 타이밍’ 고심",Social
2026년 3월 31일 매일경제 1면…중동 전황 따라 요동친 금융시장 [아침&매일경제],Social
"KTX 개통 22년…누적 이용객 12억 명 돌파, '국민의 발' 굳혔다",Social
김건희 항소심 방조·공소시효 변수…명태균 '계약서' 새 증언도,Social
수능 ‘불영어’에…신임 평가원장 “영어 1등급 비율 챙기겠다”,Social
"'전분당 담합 의혹' 대상·사조CPK 경영진, 구속 갈림길",Social
"교육자치법 위반 최윤홍 전 부산 부교육감, 징역 10개월 집유",Social
11억 조용히 기부했는데…12억 들여 '얼굴 없는 천사' 기념관 짓는다?,Social
"""윤, 군형법상 반란수괴"" 고발한 김경호 변호사 종합특검 참고인 출석",Social
北 무인기 침투 도운 국정원 직원 1명·현역 군인 2명 검찰 송치,Social
"""왜 돈 안 빌려줘""…지인 차량에 불지른 50대 남성",Social
"'가짜 AI 법령·판례' 제출하면…""소송비용 독박 쓰고 과태료 낸다""",Social
"“신호 없이 직진”…부산역 인근 교통 숨통 트인다, 충장지하차도 오늘 개통",Social
여고 수업 중 성희롱성 발언한 교사...경찰 수사,Social
'5개 대학 한 울타리'…세종공동캠퍼스 융합교육 본격화,Social
"경남교육감동교육자회의, 권순기 경남교육감 예비후보 지지",Social
"“94세 실화? 이길 여자 없다”… 이길여 가천대 총장, 동안 외모 화제",Social
"성남시 ""정부가 국가재난 선포하면 모든 가구에 10만원씩 지원""",Social
"군산시, 종량제봉투 품귀에 '일반봉투 한시적 허용'…""시민불편 해소""",Social
K5 훔쳐 무면허로 몰다 경찰차 들이받은 16세男,Social
"경남도, 88조 규모 글로벌 함정 MRO 시장 공략 시동",Social
지난 11월 숨진 故 김창민 감독...사인은 '폭행 사망',Social
"""교도소가 호텔이냐""…법무부 ""아니다"" 해명에도 와글와글 [포크뉴스]",Social
"경찰, '공천헌금 의혹' 국민의힘 조정훈 입건 전 조사",Social
지역과 지역 잇는 소형 항공기시대 개막,Social
"""형량 무거워""…'금은방 여주인 살해' 무기징역 김성호, 항소",Social
"22살 생일 맞은 KTX, 누적 이용객 12억 3000만 명 돌파",Social
이혼소송 중 아내 살해하고 야산에 유기하려던 60대 男 체포,Social
"""94세 맞아요?""…이길여 총장 '최강 동안' 놀라운 근황",Social
'공무원 선거동원'…최윤홍 전 부산교육청 부교육감 집유,Social
"10억 짜리 서울 집, 2억만 내면 나머진 20년간 분할상환한다",Social
'마약왕' 박왕열 은닉 재산 어디에?…변호사 선임도 거부,Social
"법원행정처, AI ‘유령 판례’ 인용시 과태료 부과 방안 검토",Social
"""환불 요청했더니 연락 두절""…필라테스 폐업 사기 확산",Social
"전주시 ""종량제봉투 충분""…내일부터 일반 비닐 배출 중단",Social
민주당 김제시장 경선 4인 확정…14개 시군 경선 대진표 '최종 완성',Social
김왕규 강원도의원 국민의힘 탈당…양구군수 무소속 출마,Social
[더세종] 5개 대학 8백여명 '한울타리'... 국내 최초 '공유형 캠퍼스' 모델,Social
국민의힘 충북 광역의원 17곳 단수추천…비례엔 이재화,Social
김왕규 도의원 국민의힘 탈당…“양구군수 무소속 출마”,Social
"파주시, 종량제봉투 공급 안정화 대책 추진…""가격 인상 계획 없어""",Social
'호르무즈 해협 고립' 목포해양대 실습생 2명 무사 귀국,Social
"의정부시, 대웅그룹과 손잡고 캠프 잭슨에 바이오 거점 조성",Social
차량 5부제보다 강한 조치 나올까…상황 지켜보겠단 산업장관,Social
"AI가 알려준 판례가 가짜라고?…""확인 않고 인용시 소송비용 부담""",Social
'함앵커TV' 유튜브 채널 개국…<프레시안>전북본부와 협업 '프레시함 정치토크' 선봬,Social
이혼 소송 중인 아내 살해하고 시신 여행용 가방에 넣어 야산에 유기하려한 60대 검거,Social
"“내 이상형” 30대 女 사장 ‘찰칵찰칵’ 50대 男 손님, ‘처벌 어렵다’ 왜?",Social
정원오 후보 10박12일 멕시코 출장...성동구 “공식 초청·정상 절차 인사와 무관”,Social
"국정원은 '개인 일탈', 군인은 '영상 평가'… 북한 무인기 관련 3명 검찰 송치",Social
"거제 한화오션, 차세대 구축함 공개",Social
강화 민통선 대면 검문 73년 만에 역사 속으로…CCTV 체계 전환,Social
프로게이머 ‘룰러’ 탈세 추징…불복했지만 ‘기각’ [자막뉴스],Social
“기름값 月150만원 더 들어” 전세버스 기사들 하소연[에너지 쇼크 현실화],Social
'삼일절 달력' 위에…하필 日 후지산·오사카성 그려 넣은 금융기관 달력,Social
"올해 수능 11월19일 실시…""적정 변별력 확보""",Social
"고양시, '통일교 경관보행교' 3년 8개월 만에 재개통…조망·녹지공간 마련",Social
"""병역 면제 받아놓고""…e스포츠 금메달리스트 탈세 논란 '일파만파'",Social
"혁신당 광주 지선 출마자들 ""민주당 정치개혁 동참해야""",Social
"종합특검, '尹 내란수괴·조희대 내란 가담' 고발인 조사",Social
울산 아파트단지 횡단보도서 초등생 SUV에 치여 숨져,Social
"""39.8도 고열에도 출근""…유치원 선생님의 마지막 메시지 공개",Social
"올해 수능 11월 19일...""킬러문항 배제... 적절 변별력 확보"" [2027년 수능]",Social
"홍서범·조갑경 전 며느리 ""여론 난리 나니 밀린 양육비 지급""",Social
"전재수 ""북항은 돔구장, 사직은 국내 최고 생활체육 메카로""",Social
수도권광역급행철도 GTX-B 본사 인천 송도 확정,Social
"‘물방울 화가’ 김창열 화백 집, 공공문화시설로 재탄생[서울25]",Social
"""나는 무해한 사람 아냐…실망할 날 온다"" 황석희 과거 발언 재조명",Social
"서울시, 한 달간 '60세 이상' 치매 조기검진 집중 실시",Social
경주벚꽃마라톤 4월4일 출발…'블랙이글스 에어쇼' 선보여,Social
'北 무인기 침투' 대학원생과 친구 사이…국정원 직원·현역 군인 검찰 송치,Social
"민간사업인데…울주군, 영남알프스 케이블카 재검토 결정에 불복",Social
"“왜 끼어들어”…고유가 속 주유소 새치기 시비, 흉기까지 꺼냈다",Social
"2천 년을 버틴 씨앗, 하루 만에 사라진 아이들",Social
'북 침투 무인기 의혹' 국정원 직원·정보사 군인 등 3명 송치,Social
"[단독] “30억 요구에 9억 합의”… 서울시, 도로 사용료 70% 낮췄다",Social
돈 안 빌려준다고 지인 차에 불 내…50대 긴급체포,Social
"법원, AI가 만든 가짜 판례 인용하면 소송비용 부담시키고 징계 의뢰",Social
"병명 몰라 10년 넘게 방황 않도록…희귀질환 찾아주는 사업 대상, 40% 늘어난다",Social
대구경제 역성장 빨간불…출구가 안 보인다,Social
유럽 제치고 1위…한국 MZ가 선택한 여행지 어디,Social
“운동하는 거 안 보여? 눈치껏 비켜야지”…‘어깨빵 민폐’ 러닝크루에 시민 분통,Social
"여행가방 속 아내 시신…""부모와 연락 안 된다"" 아들 신고로 덜미",Social
주차요금 시비 폭행 피해···가해자 신원 몰라도 법률구조로 배상,Social
4월 1~5일 절정 벚꽃 보러 성남 가볼까... ‘성남 벚꽃 9경’,Social
“마약 취해 역주행”…경찰까지 폭행한 50대 운전자 체포,Social
6월 4일 수능 첫 모의평가…상위권 입시 판도 가늠한다,Social
김포 해병대서 후임병 성추행한 병장…선고유예 선처,Social
25년 숙원 ‘영남알프스 케이블카’ 법정 공방,Social
"올해 수능 11월 19일, 평가원 ""안정적 출제 난이도"" 약속",Social
"군경, '북 무인기 이적 방조' 국정원 직원·현역 군인 송치",Social
"""건들면 끝까지…"" 3선 도전 구청장 후보에 국회의원 '으름장' 왜?",Social
"AI가 만든 '가짜 판례'에 골치…대법 TF ""과태료·변호사 징계 필요""",Social
'삼일절' 날짜 바로 위 日후지산·오사카성…금융기관 달력 눈살(종합),Social
"""명의 도용 카드 배송"" 130억 원대 보이스피싱 일당 붙잡혀",Social
"백종원 ""지난해 잃어버린 1년...모든 의혹들 무혐의""",Social
"산책로 ‘길막’한 러닝크루, 시민에 “눈치껏 비켜라 진짜” [e글e글]",Social
울산대교 통행료 내년 3월까지 ‘동결’…고물가 속 서민 부담 고려,Social
4명 살린 故김창민 감독…폭행당해 뇌출혈로 숨진사실 드러나,Social
보이스피싱 피해 2400만원…중국 형사판결문 토대 전액 환수,Social
"대낮에 금은방 업주 살해하고 금품 훔쳐 달아나 무기징역 선고 받은 김성호, 1심 판결에 불복해 항소",Social
"[자막뉴스] ""자폐 아들과 밥 먹다 집단폭행""…'뇌출혈 사망'했는데 영장은 기각",Social
"""오랜만에 속이 다 시원하네""...경찰 앞 난동 문신남의 최후",Social
"우여곡절 많았던 ‘창동민자역사’, 22년만에 준공[서울25]",Social
"[단독] 경찰관 상대 법왜곡죄 사건, 경찰 수사심의위서 논의 검토",Social
"불법사채 100만 피해자 시대… 한국TI 인권시민연대, 직업범죄자들 문제 보고서 발표",Social
"국민의힘, 경남 기초단체장 공천심사 지연에 현직 노심초사",Social
'보안 허술' 농촌 빈집 골라 1억 절도..20대 실형,Social
"“분명 탈퇴했는데, 정보 지운 거 맞아?”…쿠팡이 보낸 문자에 이용자들 ‘부글부글’",Social
"""리조트냐"" 난리 난 여자교도소 조감도…법무부 ""채택 안돼"" 일축",Social
北 무인기 관여 국정원·정보사 군인 3명 송치…정보사 조직적 관여 여부는 “발견 못해”,Social
압구정서 80대女 운전 차량 식당 돌진…4명 부상,Social
민주당 창원시장 후보 4명 '원팀' 선언…국힘은 공천 내홍 지속,Social
"올해 수능 11월 19일…16만 N수생, ‘마지막 선택 수능’에 대입 정시 치열",Social
"목에 칼 찬 김광종 ""국힘 후보지만, 속은 '민주당'…국힘 잡아먹겠다""",Social
"조상호 세종시장 예비후보, '기본교통 도시 세종' 10대 공약 발표",Social
민주당 전남광주통합시장 경선 '3강 체제' 재편…민형배·주철현 단일화 예고,Social
이혼 소송 중 아내 살해·시신 유기 시도한 60대 검거,Social
"""돈 안 빌려줘서"" 지인 차량에 불지른 50대 긴급체포",Social
"국힘 김소희 ""석탄화력특별법, 이미 늦어…즉시 통과돼야""",Social
소송비용 부담에 포기했던 폭행 치료비… ‘신원 몰라도’ 받아냈다 [별별화제],Social
필로폰 투약 후 무면허 역주행·경찰 폭행한 50대 남성 체포,Social
"연령대별 앱 사용 차이 확연…10대는 학습·게임, 50대는 홈쇼핑 집중",Social
올해 수능 11월 19일…‘마지막 선택형 시험’,Social
2027학년도 수능 11월 19일 실시…“공교육 범위 적정 난이도 출제”,Social
"""가족유전체 진단""…쓰리빌리언, '패밀리 인사이트' 출시",Social
장애인 거주시설 학대·성폭행 왜 반복되나···“만성화된 구조적 체념” [플랫],Social
GTX-B 본사 인천 송도에 들어선다… 400명 근무,Social
작년 역대급 불수능 올해는 없다…“적정 난이도 문항 출제” [세상&],Social
"시댁에 몰래 매달 30만원 보낸 남편…'친정은?' 묻자 ""네 월급으로""",Social
사북사건 46주년 앞두고…90개 시민단체 “국가 사과 일정 제시해달라”,Social
카드 배송원·금감원·검찰 사칭해 130억 가로챈 보이스피싱 일당 검거,Social
수능 '킬러문항' 배제 기조…의대증원·N수생 변수되나,Social
"올해 수능 11월19일, 불수능 오명 피할까…""적정 변별력 확보""",Social
평가원 주관 첫 모의평가 '6월 4일'…'불영어 논란' 후 첫 시험대,Social
2027학년도 수능 11월 19일 실시…EBS 연계율 50% 유지,Social
올 수능은 11월19일 ‘불영어’ 논란에 “영어 1등급 비율 살피겠다”···번짐 논란에 ‘컴싸’ 휴대 가능,Social
"화천 장례식장 직원, ‘억대 운영비 횡령’ 적발",Social
보령서 전기차 추돌 후 화재…30대 운전자 사망,Social
"광화문광장, 봄맞이 겸 BTS 공연 후 원상 복구 위해 잔디 교체 [뉴시스Pic]",Social
민주당 군수후보는 누구?…'3인 경선' 내달 6일 시작된다[6·3보은],Social
29명 희생…제천화재참사 9년 만에 위로금 심의,Social
일면식도 없는데…일방 폭행 당한 피해자 법률구조공단 통해 손배소 승소,Social
'전분·당류 대형 담합 의혹' 대상·사조 대표 등 구속 갈림길,Social
"""10만원 갚아"" 길거리서 지인 흉기로 찌른 50대 남성 징역 10년",Social
"""이게 리조트지, 교도소야?""…초호화 조감도 유출되자 법무부 내놓은 해명은?",Social
"군산시, 종량제봉투 품귀 ""일반 비닐봉투 한시 허용""",Social
"""30분 거리 1시간20분""…대전 옹벽보수 도로통제에 '교통대란'",Social
"특검, '尹 반란수괴·조희대 내란중요임무종사' 고발인 조사",Social
"조민규 고창군수 예비후보 ‘군정 의혹’제기에 고창군 ""왜곡으로 여론 호도""",Social
"프로야구 선수 출신 마약 총책 ""밀수입 가담 사실 없어""",Social
"[6·3광양]이충재, 정인화 지지 선언…""후보 단일화""",Social
"납북귀환어부, '간첩' 누명 옥살이 60년 만에 4300만원 형사보상",Social
"서영학 여수시장 예비후보 ""아이 아픈 날 아침, 맞벌이 부모 지각 걱정 없애겠다""",Social
아파트 단지서 초등생 SUV에 치여 숨져,Social
"""고급 리조트냐"" 화성여자교도소 조감도에 '발칵'...법무부의 해명 [지금이뉴스]",Social
"기름값 오름세 지속…""화물차 몰기 겁나""",Social
"울산교육바로세우기 ""음주운전 전력 조용식 후보, 스스로 물러나야""",Social
서울 보라매병원 ‘호흡기 전문센터’ 조성···2028년 완공,Social
“내 차가 곧 나”…차부심 클수록 도로 매너 낮았다,Social
"강성희 ""전주시, 자임 추모공원 사태 긴급 행정명령 내려야""",Social
고물가 시대 생존법?…‘초저가 한 끼’ 표시된 ‘거지맵’ 인기,Social
‘북 무인기’ 식비까지 290만원 건넨 국정원 직원…장교는 현장 동행,Social
"스카이라이프 대표, 임명 일주일도 안 돼 사퇴 ""KT 경영 개입""",Social
"경실련 ""3년반 동안 7번 넘게 해외출장 간 광역의원 61명""",Social
"군경TF, ‘北 침투 무인기 방조’ 국정원 직원·군인 송치",Social
"""연세대, 감사한 기억 있다""…금 팔아 5억 기부한 독지가",Social
"군경, ‘北무인기 관여’ 국정원 직원·군인 등 3명 불구속 송치",Social
농촌 돌며 1억원 상당 금품 훔친 빈집털이범 징역 4년,Social
7만 원 뷔페 이용권에 승선권 2매? 트라우마 무시한 '황당한 보상 논란' [지금이뉴스],Social
민주당 전북지사 3인 경선 후보 다음달 4일 등록…2인 후보 '단일화 선언' 가능성 타진,Social
이란 전쟁 장기화...정유·석유화학 업계 감산 돌입,Social
"노동장관, '내년 최저임금' 심의 요청‥7월쯤 결정",Social
"""유전자 분석 필요""…'최강 동안' 94세 이길여 총장 근황",Social
‘삼일절’ 바로 위에 日후지산...“피곤하게 산다” vs “센스가 없지” [어떻게 생각하세요],Social
'카드배송 사칭·명의도용 함정' 전화금융사기…130억원 가로챈 조직 검거,Social
여고 수업 중 교사가 성희롱 발언…광주경찰 조사,Social
"군경TF, '北무인기 관여' 국정원·정보사 관계자 검찰 송치",Social
"""가해자 이름도 모르는데""…폭행 피해자가 손해배상 받을 수 있었던 이유",Social
"장기기증했던 故김창민 감독, 알고보니 폭행 피해 사망…유족 “부실 수사”",Social
'말뿐인 독도 수호'…안전 난간 흔들리고 흉물 방치에 방문객 '아찔',Social
"88조 '황금알' 함정 MRO 시장 정조준…경남, 닻 올렸다",Social
"'부천 금은방 여주인 살해' 김성호, 1심 무기징역 판결에 불복⋯항소장 제출",Social
영남알프스 케이블카 사업 재추진 갈림길…울주군 행정심판 청구,Social
화성 아리셀 인근 화학공장서 불…소방 진화 중,Social
페르시아만 고립 실습생 2명 귀국...한국 선원 175명 발 묶여,Social
정청래 “속도내야”했지만…국회서 처리안된 행정수도특별법,Social
대통령도 “그러다 치명타” 강력 경고했는데…4만원짜리 방이 ‘15만원’ 됐다,Social
"군경, '北무인기 이적 방조' 국정원 직원·현역 장교 송치",Social
"""尹, 군형법상 반란"" 고발한 김경호 변호사 종합특검 출석",Social
"""나를 비난하지 않는 완벽한 연인""... 청년들의 열광, 전문가의 경고",Social
무면허·마약 상태로 역주행 운전하다 경찰 폭행…50대 남성 체포,Social
"이중근 회장 ""출산장려금 1억 입사 하루 만에 받기도…바로 퇴사? 반환 없다""",Social
"""공룡은 제 친구""…교과서 표지오른 발달장애 16세 소년 안드레",Social
"""아이들 뇌 멍든다"" vs ""국가의 과잉 통제""…청소년 SNS 규제 '정면충돌'",Social
"군경TF, '北무인기 관여' 국정원 직원·현역 군인 등 3명 검찰 송치",Social
李 “쓰레기봉투 재고 충분…지엽적 문제 과장”,Social
"""지방간, 간과하지 마세요""…수술필요 심혈관질환 위험↑",Social
"중앙지검, ‘N명 기소·구속’ 뿐만 아니라 ‘무혐의 결론’도 적극 공개",Social
"국밥 한 그릇 대접했더니...제복 입고 찾아온 참전용사, 이유는",Social
80년대 신군부 비판 유인물 뿌린 청년 40년 만에 재심 무죄,Social
서초구 아파트서 아내 살해한 60대…배수로에 시신 유기 시도 ,Social
부천 사우나 29곳에 불과... 사라지는 대중 목욕탕,Social
전남광주시장 후보들 입 모아 “산업단지 조성”…물 공급 대책은?,Social
"'장기기증' 김창민 감독, 알고 보니 '폭행' 당해 사망…""아들 앞에서""",Social
"""알아봐 줘서 고마워""…오랜만에 제복 입고 국밥집 방문한 참전 용사",Social
AI ‘환각’ 대응 나선 법원...“가짜 판례 내면 소송비용 독박”,Social
임성근 전 사단장 보석 요청…“도주우려 없다” 주장,Social
[속보] '북한 무인기 관여' 국정원·정보사 관계자 송치,Social
"[출마합니다] 권기창 안동시장 재선 출마 선언, ""오직 안동 오로지 시민, 중단 없는 발전 이끌 것""",Social
'강화도 민통선' 대면 검문 사라진다…CCTV 관찰로 전환,Social
3·1절 위에 日후지산·오사카성 그림이… 춘천 금융기관 달력 논란,Social
'北 무인기 관여' 국정원 직원·현역 군인 2명 검찰 송치,Social
"조폐공사, '벚꽃 페스티벌' 행사 취소…대전화재 사고 애도",Social
"서울시 ""공공주택 13만 호 공급‥전·월세 대출 지원 확대""",Social
‘회유 의혹’ 박상용 “자백·선처 설명한 것”…서민석 ‘추가폭로’ 예고,Social
‘北무인기’ 대학원생 도운 군인·국정원 직원 등 3명 송치… 군·경 수사 종료,Social
[연합뉴스 이 시각 헤드라인] - 10:30,Social
"중국서 되찾은 피싱 피해금 2,400만 원…'국경 넘은 추적' 결실",Social
‘삼일절’ 날짜 위에 日후지산·오사카성이… 강원 금융기관 달력 논란,Social
아내 살해 후 시신 유기 시도한 60대 검거,Social
"교통대 총동문회 ""교통대가 여론 조작""…강력 대응 예고",Social
"장성군 '합계출산율 전국 2위' 논란…통계인가, 정치인가",Social
이혁재 “언론 공격 두렵지 않아…100만 유튜버 될 때까지 투쟁할 것”,Social
중앙선 침범·과속 줄었다... 청양 온직리 '위험 도로' 달라진 이유,Social
"유부남 심리상담사가 부적절 관계 협박까지…폭로하자 ""넌 상간녀일뿐""",Social
"""AI도 못 넘은 나비효과""…GIST, 기상 예측 모델 한계 규명",Social
"생명들이 이어갈 천막농성... 끝났지만, 끝이 아닙니다",Social
“맞아야 잘한다”…중학생 선수 야구 방망이로 폭행한 감독,Social
필로폰 투약한 채 무면허·역주행에 경찰관 폭행까지…50대 체포,Social
"""비슬산 참꽃 보러 오세요"" ‘비슬산 참꽃문화제’ 30주년…달성군 봄축제 4월 17일 개막",Social
"금감원, 검찰 사칭해 130억 강탈..보이스피싱 조직 검거",Social
보령서 전기차 승용차 추돌사고로 화재…운전자 1명 숨져,Social
김부겸 효과 확산…대구 민주당 ‘김부겸 마케팅’ 전면화,Social
"무면허 역주행, 출동 경찰도 폭행…잡고보니 필로폰 투약",Social
"주호영 ""이정현이 국힘 망쳐…張, 민주당 당선 위해 작정했나""",Social
"양부남, 대통령 공약 '경로당 부식비' 추경 반영 촉구",Social
"""입사한 지 얼마나 됐다고""…1억 횡령한 간 큰 경리",Social
"과천시의회, 사전투표 ‘도장 직접 날인’ 원칙 회복 촉구",Social
'생활관서 후임 껴안고 성희롱'한 해병대원…법원이 '선처',Social
"주호영 ""나를 빼는 건 이순신 빼는 것""... 김부겸 등판 속 책임론 폭발",Social
"""이게 리조트야 교도소야""...난리난 조감도에 법무부 해명",Social
'북한 무인기' 범행 도왔다…국정원·정보사 관계자 송치,Social
"“가해자 누군지도 모르는데…” 포기하려던 주차장 직원, 법률구조공단 도움으로 배상 받아",Social
분양가 20%만 내고 20년 동안 낮은 금리로 갚은 '바로내집',Social
"""200억규모 시리즈C 유치""…메디웨일, IPO 채비 본격화",Social
"“복권은 확률상 불가능”이라던 수학 강사, 5억 당첨되자…",Social
"부산 시민단체, '금융 중심지 무력화'에 강력 반발",Social
"군경, '北무인기 이적 방조' 국정원 직원·현역 군인 송치",Social
'김천시의회 청렴도 꼴찌' 지도부 책임론 확산,Social
"심근경색, 베타차단제 평생 복용?…'이 경우' 끊어도 돼",Social
이혼 소송 아내 살해·시신 유기 시도 60대 남성 검거,Social
"""교도관 자살계획 경험률 일반인 2.7배""…법무부 '마음건강검진' 도입",Social
인천서도 ‘보복 대행’ 범죄…현관에 인분 투척하고 본드 칠,Social
"""글로벌 무대서 증명""…의료AI, 美시장에서 '확장 가속'",Social
[오늘 인천] GTX-B노선 운영회사 본사 송도에 건립 등,Social
"""AI 시대 부족한건 정보 아닌 신뢰""... 인간기자 판단·책임 강조",Social
"4명 살린 故김창민 감독, 알고보니 '폭행 사망'…피의자는 영장 기각",Social
"폐지 줍던 참전용사, 제복 빼입고 국밥집 찾은 사연 ‘뭉클’",Social
입사 1년도 안 돼 1억 횡령…간 큰 장례식장 경리,Social
작년 하반기 중대재해사업장 22곳‥경영책임자 24명 중 실형 1명,Social
"""왜 빵빵거려"" 버스 올라 멱살 잡자 기사 침 '퉤'…나란히 조사",Social
"""맞으니까 잘하더라""…야구 배트로 중학생 선수들 폭행한 감독",Social
민주당 분열 개의치 않는 여수 조계원·순천 김문수 ‘절친’ 행보,Social
"'부천 금은방 업주 강도살인' 김성호, 1심 무기징역 판결 불복해 항소",Social
춘천시 봄내글판 공모전 최우수작에 강서구 주민 김해영 씨 선정,Social
'北 무인기 침투' 관여 국정원 직원·군인 3명 검찰 송치,Social
“돈가스 4천원 신촌 식당”…가성비 식당 정보 인기,Social
"“맞으니까 잘하네”… 야구 감독, 방망이로 중학생 제자들 폭행",Social
"'부천 금은방 살인' 김성호, 1심 무기징역 선고 불복해 항소",Social
인천 송도에 GTX-B 본사 건립 확정…생산유발효과 4091억,Social
국민의힘 세종시의원 단수공천 8곳 확정…현역의원 4명 포함,Social
이혼소송 중이던 아내 살해 뒤 배수로에 유기한 남편···충북 음성에서 검거,Social
"홍서범·조갑경 전 며느리, 또 폭로…""여론 난리 나니 양육비 주겠다고""",Social
"심평원 ""현금 송금 요구 안해…직원 사칭 사기 주의""",Social
“왜 돈 안 빌려줘”…지인 차량 방화한 50대 남성 체포,Social
중대재해 사업장 22곳 공표…경영책임자 24명중 실형 1명,Social
"음주운전 전과자, 여야 공천 줄줄이 통과…곳곳에 잡음",Social
"보이스피싱에 날린 2400만원, 中공안에게 돌려받았다…무슨 일?",Social
조폐공사 '벚꽃 페스티벌' 취소…대전 대형 화재사고 애도,Social
중국서 되찾은 피싱 피해금 2천400만원…'국경 넘은 추적' 결실,Social
삼다수 사면 제주로… 탐나는전으로 관광객 소비 묶는다,Social
“맞아야 잘한다”…중학교 선수들 야구배트로 폭행한 감독,Social
"""지나갈게요 우측통행이요""…산책 커플 치고 간 러닝 크루",Social
'북한 무인기' 국정원 직원·현역 군인 송치…일반이적 방조 혐의 적용,Social
"업무 과다 '40도 고열' 끝 숨진 유치원 교사 ""아파서 눈물 나""…메시지 공개",Social
"""간판 잘 보세요""…피부과 10곳 중 9곳 '전문의' 아니다",Social
"노동장관, '내년 최저임금' 심의 요청…7월께 결정",Social
"'금은방 살인' 김성호, 1심 무기징역에 불복해 항소",Social
"[단독] 김주현, 계엄 직후 윤석열 13분 독대…특검 “반대세력 처벌법 논의 정황”",Social
"셀트리온, 자가면역질환 치료제 '옴리클로' 브라질 출시 행사 개최",Social
"""통합 지지"" 교통대 퇴직교수 단체 성명 진정성 공방",Social
전북 학교서 식중독 의심 123명…재량 휴업 등 실시,Social
이혼소송 중인 아내 살해·야산에 유기하려던 60대 검거,Social
"[6·3세종]국힘, 시의원 후보 공천 발표…""단수 8명·경선 7명""",Social
대포차 무면허 운전한 외국인 유학생 검거,Social
"인항회, 공항 공기업 통합 재검토 촉구…""인천공항 세계 경쟁력 약화""",Social
"“맞으니까 더 잘해” 중학생, 배트로 ‘줄빠따’친 야구 감독",Social
호르무즈 해협 봉쇄로 고립된 목포해양대 실습생 2명 무사 귀국,Social
"신현송 한은 총재 후보자 ""환율 현재 큰 우려 없다…달러 유동성 양호""",Social
전북 ‘11구단’ 공약 재등장…8000석 야구장 한계 논란,Social
"빗길서 미끄러진 전기차, 추돌 사고로 화재…30대 운전자 숨져",Social
"'10조원대 전분당 담합' 대상·사조CPK 경영진, 구속 기로",Social
"""왜 돈 안 빌려줘"" 지인 차량에 불 지르고 자수한 50대",Social
"""보조금 특혜, 앞뒤 순서 안 맞아""…실체 드러나는 이철우 지사 녹취록 파문",Social
"""너무 아파서 눈물 나""…40도 고열에도 출근한 교사의 마지막 메시지",Social
"""돈 왜 안 빌려줘"" 지인 차에 불 지른 50대 검거",Social
누가 여대 시위를 ‘폭력적 난동’으로 몰아갔나,Social
"혁신당 광주 출마자들 ""與 기득권 내려놓고 정치개혁을""",Social
"서울시, 분양가 20% 내면 ‘바로내집’ 올해 말 공급···공공임대 ‘바로입주제’ 도입",Social
"서울시, 무주택자 주거안정 위해 공공주택 13만호 공급",Social
"'근로자 추정제' 본격 논의…노동부, 현장목소리 듣는다",Social
'장기 기증' 김창민 영화감독…알고 보니 폭행 당해 뇌사,Social
"'한미약품 4자연합' 라데팡스 대표, 지주사 이사회 진입",Social
이경숙 서울시의원 “22년 기다린 창동민자역사 준공… 도봉의 새로운 랜드마크 탄생”,Social
'경기청년 사다리 프로그램'에 5250명 몰려…경쟁률 28.4대 1,Social
폐차 번호판 달고 차량 몰던 20대 우즈벡인 검거,Social
"""아내가 납치됐다""…알고보니 '불륜 의심' 남편 허위신고",Social
"조갑경 前 며느리 ""내 인생 망치고 방관하더니, 여론 끓으니 '양육비 지급'""",Social
필로폰 투약하고 무면허 역주행…출동 경찰관도 폭행한 50대,Social
"""94세 이길여 총장 외계인이냐""…꼿꼿한 허리·동안 외모에 또 '들썩'",Social
4명 살린 故김창민 감독…“폭행당해 숨졌다” 뒤늦게 알려진 사실,Social
동해에서 참다랑어 새끼 첫 발견… 바다 바뀌고 있다,Social
"이승화 산청군수 ""민생지원금은 군민 먹고사는 문제 해결""",Social
"황석희 성범죄 의혹 속 과거 글 화제…""언젠가 실망할 날 온다"" 발언 재조명",Social
"고양시, 집중호우로 철거된 지축동 '통일교', 3년 8개월 만에 재개통",Social
지난해 국내 항우울제 처방 2400만건 이상… 소아 2.6배 늘어,Social
울산 아파트 단지서 초등생 SUV에 치여 숨져,Social
"경찰, 수업 중 성희롱 발언 혐의 광주 고교 교사 수사",Social
'얼굴 없는 천사' 11억 기부했는데…12억짜리 기념관 짓는 전주시,Social
"“왜 경적 울려” 승용차 운전자, 버스에 난입…폭행하자 침뱉어 ‘쌍방 폭행’",Social
의대 소재지 논의 헛바퀴…목포대·순천대 통합 먹구름,Social
삼일절 날짜 바로 위로 日후지산·오사카성이?…금융기관 달력 눈살,Social
장기기증 후 떠난 故김창민 감독…알고보니 폭행당해 뇌출혈 사망,Social
"“나에게 실망할 것”…‘성범죄 전과’ 황석희, 과거 ‘섬뜩한 예언글’ 소환",Social
춘천 한 금융기관이 배부한 달력 '삼일절' 날짜 바로 위에 日후지산·오사카성·벚꽃 논란,Social
영주시 “6개월분 확보 종량제 봉투 공급 문제없다”,Social
입학식 날 여중생들이 신입생 화장실 감금·폭행…영상까지 찍어 올렸다,Social
"화성 성곽 아래 한옥 스테이…수원 남수헌 개관, '체류형 관광' 시동",Social
안전공업 참사 마지막 발인…43년 근무 오상열 씨,Social
중동 긴장에 기름값 '들썩'…전국 휘발유 1천900원 재돌파 눈앞,Social
카페 女사장 몰래 찍고 또 왔다…50대 男의 황당 해명,Social
'생활관서 후임 껴안고 강제 추행' 해병대원…선고유예 선처,Social
“아들 채용해주면 정부지원금 도와줄게”…청년 취업 프로그램서 ‘취업청탁’?,Social
내년도 최저임금 심의 공식 시작…새 공익위원에 박귀천 교수,Social
"심근경색 환자는 베타차단제 평생 복용?…""안정기라면 중단가능""",Social
필로폰 투약하고 무면허 역주행…출동 경찰관도 폭행한 50대,Social
강원도청 신청사 첫 삽…2029년 완공,Social
이혁재 “15년만 젊었어도 휴대폰 던졌다”…‘한동훈 만세’ 외친 청년에 격앙,Social
"""집중력 높이려고""…야구훈련 중 배트로 중학생 폭행한 감독",Social
"이원택 의원 ""전북 보훈수당 250% 인상하겠다""",Social
"""내 이상형이라""…30대 카페 여사장 등 뒤에서 몰카 찍은 유부남 [영상]",Social
대한조선 1분기 수에즈맥스급 원유운반선 12척 수주,Social
"""누명 옥살이 60년 만에""…납북귀환어부에 4300만원 형사보상",Social
'엄마'는 퇴근없이 17년 버텼다…위기아동 그룹홈의 '비명',Social
울산 아파트 단지서 초등생 SUV에 치여 숨져,Social
"""충격적인 '교회 여고생 학대 살해' 사건... 종교의 위험성 확인해""",Social
"'부천 금은방 업주 강도살인' 김성호, 무기징역 불복 항소",Social
폭행당해 숨진 故 김창민 감독…가해자 구속영장은 기각,Social
"서울서 아내 살해 후 충북에 유기하려던 60대 남성, 아들 신고에 '덜미'",Social
"경찰, '공천헌금 의혹' 조정훈 의원 내사 착수",Social
보령서 전기차 추돌 사고로 화재…30대 운전자 숨져,Social
중대재해 사업장 22곳 공개…경영책임자 24명 중 실형은 1명,Social
"후임병 성추행한 해병대원, 법원이 선처해준 이유는?",Social
호르무즈 해협서 고립됐던 실습 선원 2명 귀국,Social
"재혼 대체재로 등장한 '리얼돌'…""여성 찬성이 더 높다"" 반전",Social
벚꽃 속 하룻밤…상주 북천시민공원 '비박 페스티벌' 눈길,Social
"홍서범·조갑경 전 며느리 ""이제야 밀린 양육비 주겠다고 한다""",Social
"“안전은 비용 아닌 투자”…노동부, 중대재해 사업장 22곳 명단 공개",Social
"[주니어전자]캘리포니아 원전, 미국 최초로 생성형 AI 도입",Social
"전 창원시의회 의장 14명 ""강기윤 지지""",Social
기름값 2000원 코앞...줄 서서 찾는 ‘싼 주유소’ [더 한장],Social
짙은 안개 출근길 제주 평화로서 잇단 추돌사고…인명피해 없어,Social
"""유부남 상담사와 관계→상간녀 됐다""…기간제 교사가 폭로한 이유는",Social
"파주시, 종량제봉투 공급 2배 늘린다...사재기 자제 당부",Social
"""집중력 높이려고"" 방망이로 때린 야구클럽 감독…아동 학대 혐의 인정",Social
"""카드 명의 도용됐다""…130억 털어간 보이스피싱 조직 검거",Social
무소속 3인 출격… 거창군의원 선거 '공천 vs 민심' 격돌,Social
"""독감 걸려 죄송"" 40도 고열에도 출근…유치원 교사 생전 마지막 문자보니",Social
"'페르시아만 고립' 목포해양대생 4명 중 2명 귀국…""나머지도 귀환 노력""",Social
"호르무즈 고립됐던 실습 대학생 2명 귀국…""건강 이상 없어""",Social
'싼 주유소'에 몰린 대기줄‥새치기 했다며 '흉기',Social
'李대통령 명예훼손' 혐의 김미나 창원시의원 불구속 기소,Social
"""위생관리 위반'""…불고기·소시지·햄 제조업체 25곳 적발",Social
"""몇 년 만에 입으셨대요""…국밥집 식사 나눔에 쑥스러워하는 참전용사 [영상]",Social
"박상용 검사 ""종범 주장한 사람에게 진실 요구…회유가 될 수 없다""",Social
서울 서초구 아파트서 아내 살해한 60대⋯충북 이동해 시신 유기 시도,Social
"인천시, 수도권광역급행철도 GTX-B 본사 송도 확정",Social
“서부산 확 바뀐다”… 5060억원 행정타운 6월 착공,Social
"'성범죄 논란' 황석희, 뭐 감추려…""고소하겠다"" 10년 전 글 재조명",Social
"네타냐후 ""이번 전쟁 목표는 이란 핵 야욕 저지…절반 이상 달성""",Social
[단독] 역주행하고 경찰 폭행한 50대 남성 검거…알고보니 필로폰 투약,Social
돈 빌려주지 않는다는 이유로 지인 차에 불 지른 50대,Social
"성남시, 고액·상습 체납자 151명 명단공개…사전 안내문",Social
“회비 3억 원 미반환”…수영장 회원 5백 명 피해,Social
"해군작전사 강정학 상사, 조혈모세포 기증으로 '생명 나눔'",Social
"30대 남성, 음주단속 피해 사고낸 후 아들과 달아나...경찰관 부상",Social
부산 북구 강변대로서 4중 추돌사고…2명 경상,Social
[6.3 지방선거 TK 프리즘] 대구시장 선거 ‘4파전’ 급부상…컷오프 후폭풍에 보수 분열 현실화,Social
조갑경·홍서범 前 며느리 “여론 난리나니 양육비 주겠다고 연락 와”,Social
"""출근길이 꽉 막혔다"" 원촌육교 통제에… 대전 '교통 대란'",Social
"자유로 휴게소 검색하면 다른 주유소가?…파주시, 포털·내비 오표기 3곳 정비",Social
"'빵' 경적에 버스 난입, 폭행하자 침뱉어 맞불…쌍방 입건",Social
"'금은방 강도살인' 김성호, ""양형 무겁다"" 항소",Social
"'금은방 업주 강도살인' 김성호, 무기징역 불복 항소",Social
"""복권은 확률상 불가능""...수학강사 '1등 5억' 당첨되자 ""놀라울 따름""",Social
이혼소송 중 아내 살해 후 시신 유기 시도…60대 남편 검거,Social
아내 살해 후 시신 유기…60대 남성 충북 음성서 체포,Social
2만분의 1 기적…15년 기다림 끝에 ‘생명 나눔’ 실천한 해군 부사관,Social
"""확률상 안돼"" 복권 안 믿던 수학 강사, 5억 '잭팟'…""친구들과 나눌 것""",Social
장기기증 4명 살리고 떠난 감독…폭행당해 숨진 거였다,Social
"음란채팅으로 만나 외도한 '무직' 남편 ""아파트는 부모 재산, 분할 못 한다""",Social
"'최저임금 처우로 백의종군...' 이런 계약서, 아직도 있습니다",Social
연기·강풍 뚫고 사나흘 밤샘 사투… ‘괴물 산불’ 잡는 영웅들,Social
"“부모님 연락이 안 돼요!” 신고한 아들…‘이혼 소송’ 엄마 살해한 아빠, 시신 유기하려다 ‘검거’",Social
대구 '악성 미분양' 13년8개월 만에 4000가구 넘어서,Social
중학교 갈 돈 없는 제게 ‘돼지장학금’ 주신 아빠 같은 선생님[보고싶습니다],Social
"""집중력 높이려고"" 중학생 선수 폭행한 야구 감독, 혐의 인정...송치 예정",Social
"행정수도특별법 또 ‘빈손’…세종 정치권, “유감, 조속처리 촉구”",Social
‘AI예술융합고’ 등장할까…경기교육청·용인시 맞손,Social
"""쓰러질 것 같아"" 독감에도 출근한 유치원 교사의 마지막 카톡",Social
"""강도살인을 저지르고도""…김성호, 무기징역 불복 항소",Social
상수도 공사 현장서 주차장 기둥 붕괴…60대 작업자 사망,Social
중국 거점 보이스피싱 콜센터 조직원 20명 검거…130억 가로채,Social
"[단독] ‘광양항 물류창고 특정기업 선정’ 여수광양항만공사, 거짓 해명 논란 확산",Social
尹 ‘이종섭 호주 도피 의혹’ 재판 오늘 본격 시작,Social
"[기고] 부끄러움을 잃은 정치, 그리고 나의 고백",Social
음료 3잔에 '횡령' 고소당한 알바생...갑론을박에 카페 불매운동까지 [지금이뉴스],Social
아내 살해 뒤 시신 유기 시도…60대 남편 음성서 검거,Social
조선시대 長壽 드물다? 겸재 정선 83세까지 살아[김규회의 뒤집어보는 상식],Social
“이길 여자가 없다”…‘최강 동안’ 94세 이길여 가천대 총장 근황에 ‘깜짝’,Social
주호영 “이순신 빼고 전쟁하나”…공천 파동 책임론 폭발,Social
"경인아라뱃길서 남성 추정 시신 발견…""신원 파악 중""",Social
화천 공설 장례식장 회삿돈 '1억 원' 횡령한 경리직원 송치,Social
"중동 사태로 고립 한국 실습선원 2명 귀국…""건강 이상 없어""(종합)",Social
“삼일절 위에 후지산이?”…국내 금융기관 ‘일본풍 달력’ 배포에 공분,Social
4명 살리고 떠난 김창민 감독…알고 보니 폭행 당해 사망,Social
"""맞으니까 잘한다고""⋯중학생 선수들 야구 배트로 폭행한 감독",Social
"서울 쓰레기 전쟁 확전…서북 자치구들 서로 ""안 받겠다"" 충돌",Social
서울 서초구 아파트서 아내 살해…주검 유기한 60대 검거,Social
"4명에 새 삶 주고 떠난 김창민 감독, 사인은 '폭행 사망'",Social
이혼소송 중 아내 살해...여행가방에 시신 넣어 야산 유기 시도한 60대 검거,Social
"""4월 월급 통장에 놀라지 마세요""…건강보험료 연말정산 '희비'",Social
“부모님 연락 안돼” 아들 신고로 잡혔다…아빠는 아내 살해후 야산으로,Social
"""음료 3잔 가져가""...점주 고소로 알바생 '횡령 혐의' 송치 논란",Social
“돈 안 빌려준다”···지인 차량에 불 지른 50대,Social
"""늘 먹는 반찬인데""…위생불량 식육가공업체 25곳 적발",Social
"GTX-B 본사, 인천 송도에 건립 확정…2031년 개통",Social
서초구서 아내 살해 뒤 충북 음성서 시신 유기하려던 60대 검거,Social
"홍서범·조갑경 전 며느리…""무시하더니 여론 난리 나니 양육비 준다고""",Social
주차요금 시비로 폭행 “가해자 이름도 몰라”…소액 범죄 피해자 구제,Social
"""왜 빵빵 거려""…경적 소리에 버스 올라타 기사 목 조른 40대",Social
검찰·금감원 사칭에 81명 ‘풍비박산’…보이스피싱에 130억원 날렸다,Social
아내 살해한 뒤 시신 유기하려던 60대 남성 검거,Social
인천 시내버스 7개 노선 신설·15개 노선 조정,Social
"성남시, 벚꽃길 명소 9경 소개…""도심 곳곳에서 봄 만끽""",Social
"[단독] ""우리가 김도기 기사""…사적 보복 대행 조직 총책 베트남에 있나",Social
"'장기기증' 김창민 감독, 아들 옆에서 폭행 당해 숨졌다... 뒤늦게 알려진 사망원인",Social
"강원도청 이전 '선포형 행정' 논란 확산...""거짓 착공인가, 졸속 행정인가""",Social
"[단독] ""순금 목걸이""라더니…전국 금은방 돌며 가짜 금 사기 덜미",Social
"""왜 돈 안 빌려줘"" 지인 차량에 불지른 50대 긴급체포",Social
새만금 RE100 산업단지 조성 박차…현대차 9조 투자 '마중물',Social
"경기도, 포승지구 개발계획 변경…외국인투자 확대·이주대책 해결",Social
"자율주행버스 A741, 일반버스 첫차보다 30분 일찍 출발",Social
수도권광역급행철도 GTX-B 본사 인천 송도 확정,Social
“엄마 연락두절” 신고…아버지가 살해뒤 야산에 유기하려했다,Social
지난해 하반기 중대재해 형 확정 22곳…경영책임자 실형은 1건뿐,Social
"박상용 검사 ""종범 주장한 사람에게 진실 말하란 게 회유인가""",Social
"서초구 아파트서 아내 살해, 야산 유기하려다 '덜미'",Social
인천 송도에 GTX-B 본사 건립,Social
"수목원 된 옛 쓰레기 매립지, 이제는 ‘탄소 돈’ 만든다…부산 첫 배출권 모델",Social
"'내로남불' 비판하며 학자로 돌아온 조희연 ""나도 자유로울 수 없다""",Social
“교습비 48만 원에 자습관비 따로 72만 원”… ‘꼼수 비용’ 판치는 학원가,Social
“몇 년 만에 제복 꺼냈다”…국밥 한 그릇에 웃은 참전용사,Social
훔친 번호판 부착해 대포차 무면허 운전한 외국인 유학생 검거,Social
작년 하반기 중대재해사업장 22곳…경영책임자 24명중 실형 1명,Social
[내일날씨] 곳곳 봄비…예년보다 포근,Social
중대재해 유죄 확정 22곳 공표…삼강에스앤씨 등 포함,Social
"'룰러' 박재혁, 탈세 논란 일파만파…""행정적 미숙"" 해명 [소셜픽]",Social
"에어부산, 국내선 전 노선 ‘4월 특가’…1만7900원부터 판매",Social
“부모님 연락두절” 신고한 아들…아빠가 엄마 살해 후 야산 갔다,Social
5250명 몰린 '경기청년 사다리'…28.4대1 경쟁률 기록,Social
국민의힘 거창군수 적합도 구인모 43.4%·이홍기 32.1%,Social
"서버 안 뚫고 벽 너머서 AI 설계도 털었다…카이스트, '모델스파이' 개발",Social
"영주서 상수도 공사 현장 담벼락 붕괴, 60대 심정지",Social
故김창민 감독 알고보니 폭행당해 뇌출혈…피의자 영장은 기각(종합),Social
"서울 종로구, '물방울 예술가' 故 김창열 화백 자택 '공공미술공간'으로 리모델링",Social
영종·검단·강화 버스 노선 확충…인천시 36대 투입,Social
"""맞으니까 잘하네""…중학생 선수 야구 배트로 폭행한 감독",Social
“규범 어겼다”며 직원 감금·협박한 장외주식 브로커 집행유예,Social
"여행용 가방에 아내 시신…""부모님 연락 안 돼"" 신고로 결국",Social
서울 아파트서 살해 후 충북 배수로에 시신 유기…60대 남편 검거,Social
'인천 시내버스' 노선 7개 신설·15개 조정…내달 말 시행,Social
"전남·광주, 통합시대 '지역성장펀드' 1250억 조성",Social
경기 광주 유통공장 화재로 5개 동 전소…인명 피해 없어,Social
"아시안게임 金, 병역면제까지 받았는데… 프로게이머 ‘룰러’ 탈세 추징",Social
김해 진영휴게소 진입로서 화물차 3중 추돌…40대 운전자 중상,Social
"풍성한 머리숱·꼿꼿한 자세...94세 이길여 총장, ‘최강 동안’ 근황",Social
경적 시비에 버스 올라 기사 폭행…승용차 운전자·버스 기사 입건,Social
[날씨] 오전까지 전국 비…영남 해안·제주 강풍,Social
"[건강포커스] ""항우울제 플루복사민, 코로나19 장기 후유증 피로 완화 효과""",Social
동해안 제외하고 비 그쳐…강풍·풍랑은 오후까지 이어져,Social
호르무즈 해협서 고립됐던 실습 선원 2명 귀국,Social
이혼소송 아내 살해하고 야산에 시신 유기하려던 60대 검거,Social
"""명의 도용됐다"" 130억 보이스피싱 일당 20명 무더기 검거",Social
"""맞으면 잘하더라"" 배트로 야구클럽 중학생 선수들 폭행한 감독",Social
영주 상수도 공사 중 주차장 담벼락 무너져···60대 노동자 사망,Social
'너무 눈부신 전광판'… 서울시 '밝기기준' 나왔다,Social
"""돈 왜 안 빌려줘"" 지인 차에 불 지른 50대",Social
"[기획] 전주 자임추모공원 사태, 전북도와 전주시 사이에서 멈춘 대응…“누구도 책임지지 않았다”",Social
“산불 발생 1년 지났는데”…이제서야 피해 복구에 속도감 낸다,Social
"""이상형이라서 찍어""... 카페 여주인 몰래 촬영한 50대 남성",Social
“집중력 높이려고”… 선수들 방망이로 폭행한 야구 클럽 감독,Social
삼일절 바로 위 후지산·오사카성 버젓이…금융권 달력 디자인 또 구설,Social
'창원자이 더스카이 31일 1순위 청약 … 올해 첫 분양 시민들 관심,Social
"""종량제봉투 없어요?"" 광주 마트서 실랑이…시 ""사재기 말고 필요한 만큼만""",Social
"파주시, 종량제봉투 공급 안정화 대책 추진",Social
내란 옹호하는 '윤어게인' 댓글이 많이 보이는 이유,Social
"""놀라셨죠? 다시 타세요""…유람선 사고 보상안 역풍",Social
지방의회 인사권 독립 5년차…집행부 공무원 입장차 뚜렷,Social
"""집중 안해?""…야구클럽 중학생 훈련중 배트로 폭행한 50대 감독",Social
광주서 폐차 번호판 부착 차량 몰던 20대 외국인 검거,Social
"""돈 왜 안 빌려줘""…지인 차에 불 지르고 자수한 50대 체포",Social
"""광주학살 원흉 처단"" 태극기 들고 외치던 청년들, 40년 만에 무죄",Social
폐차서 번호판 떼다 대포차 운전하고 다닌 우즈벡인,Social
사천공항~김포항공 노선 섬에어 신규 취항,Social
"'SNS 리딩방'서 2000만원 더 뜯으려던 말레이 30대, 잠복경찰에 덜미",Social
"""너무 아파""…'39.8도 고열 출근' 유치원 교사, 생전 마지막 문자 '먹먹'",Social
음료 3잔 가져간 알바생 '횡령 혐의' 송치 논란,Social
서초 아파트서 아내 살해…가방에 시신 넣어 음성까지 간 60대,Social
"""개발 못 한다""더니 분양 준비?…양평서 '48억 구상' 포착",Social
“기사 없는 열차가 미끄러지듯 달렸다”…부산·경남 잇는 국내 첫 ‘단선 무인 경전철’ 양산선 타보니,Social
“참전용사는 국밥 무료입니다”…제복 입고 찾아온 어르신,Social
"에어부산, 국내선 전 노선 대상 항공권 할인 이벤트 나서",Social
수도권광역급행철도 GTX-B 본사 인천 송도에…운영총괄,Social
"GTX-B 본사, 인천 송도에 둥지…열차 운행 총괄",Social
"초등생 아들 태우고 음주운전한 아빠, 사고 내고 도주했다 덜미",Social
"""94세 실화냐""…이길여, 다시 증명된 '최강 동안'",Social
"""못 하면 때린다""…배트로 중학생 야구 선수들 폭행한 감독",Social
"폭행 후 숨진 감독, 유족 '분통'...""범인 아직 길거리에""",Social
"배민으로 주소 턴 '보복대행'…막혀도 ""방법 있다"" 활개",Social
"유명 프로게이머, '부친 명의'로 주식 거래해 과세… 심판원 ""조세 회피""",Social
[속보] 호르무즈 해협서 발 묶였던 실습 선원 2명 귀국,Social
서울숲에 ‘농심정원’ 들어선다…라면 모티브 정원문화 선보여,Social
"""오랜만에 꺼내 입으셨대요""…제복 입고 찾아온 '참전용사'에 국밥 대접한 사장",Social
[속보]“물에 시신…” 인천 경인아라뱃길서 신원미상 시신 발견,Social
전기차가 앞서가던 승용차 추돌 후 화재…30대 운전자 숨져,Social
멀리 봐야 보이는 밸류업…중후장대 기업의 미래 투자가 그런 것 [매경포럼],Social
"""교도소가 리조트냐"" …법무부 ""아니다"" 해명까지, 어떻길래",Social
"""정정하다는 표현조차 실례"" 이길여 총장 외모 또 화제",Social
교수 갑질 호소하고 숨진 전남대 대학원생 산재 승인,Social
장기기증으로 4명 살리고 세상 떠난 김창민 영화감독 폭행당해 숨진 것으로 알려져…피의자 영장은 기각,Social
"만우절 장난, 전화에서 온라인으로···경찰 ‘SNS 협박·AI 가짜뉴스’ 주시",Social
"""할머니 요양병원 보내면 천벌 받나요?""…입원 거부한 조모, 죄책감 시달리는 손녀 [어떻게 생각하세요]",Social
"엄마의 불륜 본 딸의 고백…""피멍 들 때까지 맞았지만 이혼 말라고 애원""",Social
비 오전에 대부분 그쳐…경상권·제주 강풍 주의,Social
"'룸살롱 폭행' 이혁재, '한동훈 복당' 외친 청년에…""폰 던질 뻔"" 분노",Social
"""자고 나니 바퀴가 사라져""…인천 공공주차장 '바퀴털이' 기승",Social
"성비위 의혹 간부 경찰, 다른 지역으로 인사조치",Social
"아내 살해한 남편, 묘지 배수로에 시신 가방 버렸다",Social
"""경적 왜 울려"" 시비 붙은 버스기사·운전자…쌍방폭행 입건",Social
세계 최초? 가장 위험한 선례가 될 수도 있다,Social
"1살 딸 얼굴을 장난감으로 '퍽퍽'…친모 ""훈육이었다""",Social
"""필터 낀 줄…종말 온 것 같다"" 새빨갛게 물든 호주 하늘, 무슨 일",Social
"[출근길인터뷰] '왕사남'의 금성대군, 서울 금성당서 만난다",Social
호르무즈 해협 봉쇄에 고립됐던 실습생 2명 귀국,Social
"""94세 맞아? 50대인 줄""…'최강동안' 이길여 가천대 총장 근황",Social
"‘민생경제 회복 위해 맞춤형 지원 나선다’…서초구, 중소상공인 437.5억 대출·서초사랑상품권 70억 발행",Social
입사 1년도 되기 전에 회삿돈 1억원 빼돌린 간 큰 장례식장 경리,Social
"몸 곳곳 멍자국…공포 질린 아이들에 ""맞으니까 잘해""",Social
"""내 차에 대체 무슨 짓을""…통째로 사라진 바퀴",Social
"부산시, 서부산행정복합타운 시공사로 태영건설 컨소시엄 선정",Social
오늘 낮까지 비... 경북 일부 지역에는 강풍주의보,Social
"이혁재 ""100만 유튜버 달성까지 우파 청년·자유 대한민국 위해 투쟁""",Social
혼자 사는 여성 집 침입해 강도질…4인조 강도 덜미,Social
개헌 잰걸음…“헌법에 농업 공익적 가치 담아야”,Social
"AI는 가까이, 태도는 더 가까이[문성후의 킥]",Social
9월 '공무직위원회' 출범 앞두고 노·정·전문가 사전 협의체,Social
무면허에 훔친 차로 경찰차 들이받고 달아난 10대 구속,Social
꽃 심고 야간조명 달고…지자체들 드라마 촬영지 명소화한다,Social
"유부남 심리상담사가 부적절 관계 요구…폭로하자 ""넌 상간녀일뿐""",Social
"""185명 뽑는데 5250명 몰렸다""…경기청년 사다리, 28대 1 '열기'",Social
창동민자역사 22년 만에 준공…'흉물'서 '도봉구 랜드마크'로,Social
[자막뉴스] 1인당 쓰봉 구매 제한까지...대란 벌어지자 직접 나선 장관,Social
"산책로 점령하더니…""눈치껏 비켜라"" 적반하장",Social
"경찰, 조정훈 '공천헌금 의혹' 내사…조 의원 ""사실 아냐""",Social
“집중력 높이려고”... 중학생 야구부원 ‘피멍’ 들게 한 감독의 황당 변명,Social
‘우울한 한국’ 항우울제 처방 5년새 40% 뛰었다…“정신건강 위기 신호”,Social
"""못 가, 어떡해…"" 안전공업 희생자 눈물 속 마지막 발인",Social
"""맞으니 잘하더라""...감독이 중학생 '배트 폭행'",Social
음주단속에 차량 2대 들이받고 도주한 30대…차안엔 초등생 아들이 있었다,Social
"도봉구 창동민자역사, 22년 만에 준공… 지역 흉물서 랜드마크로",Social
봄비 내리는 출근길…오후엔 비 그치고 최고기온 21도,Social
'여행자 외화 밀반출 검사' 인천공항에 전담부서 신설,Social
“눈치껏 비키세요!” 길 막고 달린 러닝 크루…산책하던 시민까지 쳤다,Social
안전공업 참사 마지막 발인…43년 근무 오상열 씨,Social
"등 뒤에서 '찰칵'...카페 사장님 몰래 촬영한 남성 ""내 이상형""",Social
"'성범죄 전과 의혹' 황석희, 소통 중단…SNS 사실상 폐쇄",Social
‘0.5인분 식사’에 대표 욕설…외국인 노조 가입에 “공산주의”,Social
"7살 아이한테 ""토익 점수 보내라""…황당한 현실",Social
민주 경기지사 후보 토론회…“내가 적격” 격돌,Social
‘전남광주특별시’에 쏠린 눈… 갈등은 이제 시작이다,Social
“아들 채용해주면 정부지원금 도와줄게”…청년 취업 프로그램서 ‘취업청탁’?,Social
“리조트보다 좋은 감옥?” 화성여자교도소 조감도 논란,Social
"“퇴근길 커피 3잔 들고 나갔다”…알바생 ‘횡령’ 고소한 점주, 엄벌 요구한 이유",Social
“알아봐줘서 고마워” 제복입고 국밥집 방문한 노인…무슨 일?,Social
"조선일보 1면도…""요동치는 대구, 국민의힘에 호의적이지 않아""",Social
[투데이 라인업] 신현송 한국은행 총재 후보자 첫 출근 / 윤 '이종섭 도피 의혹' 재판 시작 / '전분당 담합 의혹' 업체 경영진 구속 심사 / 홈플러스 익스프레스 인수의향서 접수 마감,Social
‘집중력 향상’ 핑계로 배트 휘두른 야구감독…중학생 제자들 폭행 혐의 송치,Social
"음주단속 보고 도주한 30대男, 차안엔 초등생 아들 타고 있었다",Social
새 변수 '녹음 파일'‥'진술 회유' 다시 본다,Social
"'부천 금은방 살인' 김성호, 1심 무기징역형에 불복 항소",Social
"""김치찌개 3000원, 돈가스 4000원 식당""…돈 아껴주는 '거지맵' 난리",Social
“완구에서 엔터까지···남들이 안하는 도전 합니다”,Social
[연합뉴스 이 시각 헤드라인] - 07:30,Social
"""사람 구한 게 족쇄 됐다""…세월호 의인 김동수씨 아내, 대통령 앞에서 눈물 호소",Social
3월 31일 '뉴스 퍼레이드' 오프닝,Social
"[와글와글 플러스] ""쓰레기봉투 부족 시 일반 봉투 사용 허용""",Social
"장난전화는 옛말…경찰, 만우절 앞 ‘가짜 협박글’ 경계 강화",Social
[와글와글 플러스] 4월 건보료 정산에 직장인 '희비',Social
“5년 새 40% 폭증”... 대한민국은 지금 ‘항우울제’ 처방 2440만 건 시대,Social
충남 보령서 교통사고 전기차 화재…1명 사망·1명 부상,Social
[이시각헤드라인] 3월 31일 라이브투데이,Social
"“돈가스 4000원, 순댓국 3500원”…돈 아끼는 ‘거지맵’ 등장",Social
"""나를 존경 마라, 실망할 날 온다""…'성범죄 의혹' 황석희, 섬뜩한 예언?",Social
"[단독] 아내 살해한 뒤 시신 유기한 남편...경찰, 음성에서 검거",Social
빗길서 미끄러진 전기차 ‘추돌 후 화재’···30대 운전자 숨져,Social
"국밥집에 제복 입은 노인…""훈훈하다"" 퍼진 사연",Social
'공포의 훈련'…배트로 야구클럽 중학생 선수들 폭행한 감독,Social
"입학식날 신입생 폭행, 촬영까지 한 중학생들 송치",Social
"""이게 감옥이냐"" 난리났던 교도소…알고 보니",Social
'40도 고열'에 출근했다 사망…마지막 메시지엔,Social
탈퇴했는데 쿠팡한테 문자가?…이용권 안내 메시지 '논란',Social
"생후 5개월만에 입양돼 10년째 난치병 앓아 ""친모 찾기 위해 살아남아 싸울 것""[잊힌 아이들]⑤",Social
보령서 전기차·승용차 추돌사고…1명 사망,Social
"[손병관의 뉴스프레소] '강선우 공천헌금' 수사한 경찰, 국민의힘도 수사",Social
"[단독]해외입양인 174명이 말했다…""뿌리 못 찾고, 이방인으로 살아요""",Social
"수년만에 제복 꺼낸 참전용사, 물개박수로 맞았다...낭만 가득한 국밥집",Social
"화천대유 330억원 체납…국세청, 계좌 압류로 징수 착수",Social
전기차 사고로 화재…운전자 심한 화상 입고 ‘사망’,Social
"""일회용기 사면 남는 게 없다""...속 타는 사장님들",Social
BMW 바퀴만 쏙 훔쳐간 도둑들…도심 한복판 황당 범죄,Social
"""낙첨인 줄 알았는데""…친구 둘과 구매한 복권, 5억 당첨",Social
[법조브리핑] “대통령실이 ‘관저 이전’ 허위 답변 지시” 外,Social
“리조트냐 휴양지 뺨치네”…법무부 부인에도 ‘신축 교도소’ 호화 시설 논란,Social
눈 풀린 여성 보고 112 신고했는데…'범죄자' 취급 남성의 분노 [사건 실화],Social
"서울, 전광판 ‘눈부심’ 잡는다…주간 7000cd/㎡ 기준 첫 도입",Social
음료 3잔 가져간 알바생 고소 논란…“횡령” 진실 공방 [잇슈 키워드],Social
제복 입은 손님 보고 ‘폴짝’…국밥집에서 무슨 일이? [잇슈 키워드],Social
"문 닫는 검찰, 사직·특검 파견에 '인력난'…미제사건 12만건",Social
"고인을 소비하는 AI, 막을 수 있을까?[점선면]",Social
"'미운 오리'서 '한강 백조'로…한강버스, 주말 탑승률 60% 돌파",Social
"""변화의 시작""…제약바이오 주총서도 '집중투표제' 화두",Social
"""XX 왜 찍어""...190cm 헤비급도 중2 담배 훈계했다가 '봉변'",Social
[단독] '고객정보 유출' 조사 착수…배민은 공식 사과,Social
개나리도 못 봤는데 벌써 벚꽃이?‥'초고속' 개화,Social
입양공공기관이 예비 부모에 ‘마루타’?…입양 부모들 분통,Social
1천789원에 몰린 대기줄‥새치기 했다며 '흉기',Social
"“자랑하고 싶으셨는지” 국가유공자에 국밥 대접하자, 제복 입고 다시 온 참전용사",Social
"""김치찌개 3천원·돈까스 4천원?""…치솟는 밥값에 '거지맵' 떴다",Social
"스페인, 미군 이란 작전 전면 봉쇄 ...""불법 전쟁엔 협조 없다""",Social
"“게임은 승리, 세금은 패배”…유명 프로게이머, 부친 통해 주식 세금 탈세",Social
"""아버지, 나 죽어요"" 비명 난무...지옥도 그런 지옥이 없었다",Social
변호사들 경찰되겠다 너도나도 우르르…검찰 문 닫자 달라졌다 [세상&플러스],Social
[와글와글] 정류장 아닌 '세차장'서 승객 내려준 버스 기사,Social
"10년 내조했더니 음란채팅? '엄카' 쓰는 무직 남편, 이혼하려니 ""내 집은 부모님 거""",Social
‘성폭력 전과 의혹’ 스타 번역가 황석희 SNS 폐쇄…입장문만 남아,Social
"훈·표창 16개 남긴 이근안‥""전수조사하겠다""",Social
"손가락 까딱에 4천 명 '우르르'…""당장 내일"" 긴장",Social
‘랩계좌’로 몰래 다올증권 수혈…투자라더니 모회사 수천억 지원?,Social
“고급 리조트같아” 난리 난 女교도소 조감도에…법무부 “채택 안 돼”,Social
"AI 시대 만우절, 장난의 경계가 무너졌다..폭파 협박, 딥페이크 강력 대응",Social
"[전국 톡톡] ""전설의 고향 느낌""‥과도한 조명 논란",Social
"""몇 년 만에 꺼내 입으셨대요""…제복 입고 국밥집 찾은 참전용사, 왜",Social
"[이웃사랑] 폭력과 가난, 암과 빚 버틴 엄마 ""프로게이머 아들 꿈만은 지키고 싶어""",Social
"3월 학평 수학·영어, 작년 수능 보다 쉬웠다… 국어는 체감 난도 높아",Social
사교육·의대 쏠림…韓 성장잠재력 갉아먹는다,Social
‘회유 의혹’ 박상용 “자백·선처 설명한 것”…서민석 ‘추가폭로’ 예고,Social
"카페 사장 '도촬' 딱 걸린 손님…경찰 ""노출 없어 처벌 어려워""",Social
"""규범 어겼다""…'직원 20분 감금·협박' 장외주식 브로커, 집행유예",Social
"“재혼할 바에 리얼돌”…돌싱남녀 일부 ‘긍정’ 응답, 왜?",Social
5월 신부 주목! 체중보다 중요한 드레스 핏...살 빼기 전 확인 포인트는?,Social
"충돌 사고 후 전기차 화재, 1명 사망…공장 화재도",Social
"46년 만에 바로잡힌 이름…'서울의 봄' 김오랑 중령, 무공훈장 받는다",Social
“왜 끼어들어” 고유가 속 주유소 새치기 시비 끝에 ‘흉기’,Social
"[단독] ""조금이라도 싼 주유소로""…새치기에 흉기 위협까지",Social
"종량제 봉투 '품귀'에…""충분, 최악 땐 일반 봉투""",Social
“아들까지 태우고”…음주단속 보고 도주한 30대 남성 검거,Social
"""너무 아파""...39.8도 고열에도 출근한 유치원 선생님, 마지막 메시지",Social
"이란 ""미국과 협상 없었다""‥이어지는 동상이몽",Social
'낙동강벨트' 김해·양산 민주당 상승세…'대통령 잘 하고 국힘 못 해서',Social
지역 살리고 보상금 받고… ‘절대 반대’서 ‘건립 사활’ 유턴 [심층기획-지자체 신규 원전 유치전],Social
警 ‘조정훈 공천헌금 의혹’ 구의원 줄소환,Social
[정책돋보기] 부모가 자살 이전 살해한 아동 수 7년간 86명 外,Social
“집값 떨어질라”… 님비에 가로막힌 쓰레기 소각장 [심층기획-지자체 신규 원전 유치전],Social
서울 이웃 자치구인데…마포·은평 쓰레기 전쟁 불붙었다,Social
"“명문대 간 아들, 자살시도 연락왔네요”…정신 시들어도 갈곳이 없다",Social
“50만원에 남의 집 테러”…잇따르는 ‘보복 대행’ 범죄[사건플러스],Social
"""불법 증축 공간이 복지시설?""…화재 참사 대전 안전공업 논란",Social
[단독] 비정규직 28만 늘었는데…4시간 더 일해야 정규직 월급[저임금의 늪②],Social
"“휴업 1년, 대출받아 생활”…땅 꺼짐 피해 보상은 누가?",Social
재벌과 사모펀드와 로펌 그리고 개미 [이환주의 시선],Social
[단독] ‘말’ 못하면 학대도 없다?... 정부 합동점검서 중증장애인 제외됐다,Social
"""의대 가려면 지방으로?""…지역의사제에 학군 이동 움직임",Social
"“비싼 차로 과시하는 운전자, 난폭운전 가능성 커”···‘차부심’ 속에 ‘빌런’이 된다",Social
[단독]‘간첩 조작’ 재심 결정하고도 송달 늑장···“수십년 기다렸는데 사법부가 또 지연”,Social
"[르포]55개국 590여명, 천안교도소는 날마다 ‘통역 전쟁’···번역기는 필수, 언어 벼락치기도",Social
"""5000원 점심 먹자"" 거지맵 인기…'거지방' 30대 청년이 만들었다",Social
"[오늘 날씨] ""출근길 우산 챙기세요""…오전 '비' 소식",Social
"한강버스부터 유람선까지 반복되는 운항사고…시민 ""불안""",Social
"""좌초 사고 났는데 또 타라고?""…이랜드 '승선권 제공' 보상 논란",Social
[단독]20조 적자 쌓인 지하철…무임승차 노인 5년 새 42% 증가,Social
"주철현 ""본경선 전 단일화 검토…현재로선 민형배""",Social
尹 '이종섭 해외 도피' 재판 오늘 본격 시작…혐의 전면 부인,Social
"“경찰관도 밀쳐” 차량 훔쳐 무면허 운전한 10대, 순찰차도 ‘쾅’…구속",Social
"""결혼식대 5만원 내고 밥 먹었다고 뒷담화하는 동료""... 축의금 논란 [어떻게 생각하세요]",Social
'사제들의 스승' 정하권 신부 선종…향년 99세,Social
"장난전화는 옛말…경찰, 만우절 노린 '딸깍' 협박글 예의주시",Social
'1억 소속세탁' 사우디大의 몰락…연고대 '학술용병' 문제없나,Social
"“음료 3잔 가져갔다”…알바생 ‘횡령’ 고소한 점주, 이유는",Social
"""팔아도 남는 게 없어""…포장용기값 급등에 사장님들 '비명'",Social
[이 시각 핫뉴스] '충주맨 김선태' BBQ 영상 조회수 300만 外,Social
"민주당 경기도지사 후보들, 공약·정책·과거발언 난타전",Social
오전까지 전국에 봄비…낮 최고기온 21도,Social
'광주 최대 격전지' 민주당 광주 남구청장 경선…김병내 vs 정진욱 '대리전' 격화,Social
"""독감 걸려서 죄송""..고열 출근 후 사망한 유치원 교사가 남긴 안타까운 메시지",Social
'성폭력 전과 의혹' 황석희 SNS 폐쇄…입장문만 남아,Social
"""며느리가 차린 밥상 원해""…밀키트 두고 시댁과 충돌",Social
"[로펌] 법무법인 광장, 형사 분쟁·컴플라이언스 분야 맨파워 강화",Social
"[로펌] 피터앤김, 승소율 84%... 론스타·엘리엇 사건 대역전 이끌어",Social
"[로펌] 법무법인 지평, 카카오 과징금 취소 이끌어낸 공정거래 소송 강자",Social
'김건희·군 수뇌부' 의혹 집중…권창영 특검호 수사 '윤곽',Social
"[로펌] 서울지방변호사회, ""형사 성공보수 정상화는 서민과 약자에게도 이익""",Social
"[로펌] 법무법인 LX, ""내 사건, 네 사건 경계 없다"" 원펌체계로 시너지 높여",Social
"[단독]유류할증료 3배 '껑충'…손 놓았던 정부, 항공사 지원 검토로 선회",Social
"""신촌서 돈가스 4000원에 먹었다""…오르는 밥값에 '거지맵' 인기",Social
인천 경인아라뱃길서 신원 미상 시신 발견…부검 의뢰 방침,Social
생후 19개월 굶기고 놀이공원…친모에 학대살해죄 적용,Social
호르무즈 차단에 발묶인 전세계 선원들 불안·공포,Social
"""초등생 아들 태우고 뺑소니""…음주단속 피해 도주한 30대 검거",Social
강원도청 신청사 착공…강원지사 선거 쟁점 급부상,Social
검찰청 폐지 혼란 속 인력 유출 가속화…국조 앞두고 긴장감도,Social
"국가 유공자에 국밥 대접한 국밥집 사장…""베풀며 식사 대접하는 게 낭만"" [따뜻했슈]",Social
싼 주유소 앞 긴 대기줄…새치기에 흉기 시비도,Social
"경적시비로 싸움, 버스기사의 뜻밖의 행동…쌍방폭행 혐의된 사연",Social
4명에 새 생명 주고 떠난 중국인 이주노동자,Social
‘저탄소 체질 전환’ 첫 단추 꿴 포스코… “K스틸법 지원 기대”,Social
"'94세 맞아?' 이길여 총장 근황에 ""방부제 동안"" 감탄 연발",Social
김천 산골 학살 추정지만 5곳…“제주 사람도 여서 마이 희생됐다 캅니다”,Social
"누가, 언제, 어떻게 죽였을까…정부 4·3보고서에 담을 것",Social
“아픈 역사 반복돼선 안 돼”…진실규명 신청한 ‘혼혈’ 입양인 미키,Social
“전체 학교 10곳 중 8곳에 상담교사… 학생 자살률 30% 급감”,Social
특검 ‘김건희 불기소’ 수사팀 조사…노상원 계엄 비선조직도 입건 예고,Social
[단독]檢 수사팀 변경에도 유지된 '김건희 불기소'…무마혐의 성립 조건은,Social
"'구리시 엘마트' 납품업체 수십억 피해…""신고도 못 했다""",Social
"박상인 ""주가조작 패가망신? 처벌수위 높이고 규제 정비해야""",Social
"""멀쩡한데요""…서류와 눈앞이 다른 아이의 엄마",Social
"""재혼 대신 '리얼돌'과 살면 어때?""...돌싱에게 물으니 뜻밖의 결과",Social
고독사 현장서 고가 물품 싹 사라져…남은 건 고슴도치,Social
소통 위해 하루 종일 봤는데…‘이것’ 줄였더니 되레 외로움 ‘뚝’,Social
'변호사ㆍ의뢰인 비밀유지권' 쟁취한 변호사… 사법구조가 바뀐다,Social
연금 연기땐 36% 더 준다? 월 632만원 못 벌면 1억 날린다,Social
"""충전할 돈 없어""vs""온가족 출동""…지역화폐 인센티브도 양극화",Social
돌연 “농사 짓겠다” 그만두는 반도체 직원…탐정이 찾은 충격 진실,Social
"""괜찮아요?""…교통사고 당한 여성에 접근, 집 데려가 성폭행",Social
"'복권 당첨은 확률상 불가능' 수학 선생님 ""1등 5억 친구 둘과 나눕니다""",Social
"""여혐 꼬집고 추앙받던 황석희의 실체는 뭐냐""…성범죄 의혹에 '위선' 시선",Social
"""상간녀 전화로 가정 파탄…이혼하고 가려 했더니 그 새 딴 남자 만나더라""",Social
"[단독] “죽이진 않고, 없는 죄 만들어준다”…보복 대행방 충격 정체",Social
"상담센터서 유부남 상담사와 '부적절 관계'…폭로하자 ""넌 상간녀일 뿐""",Social
"'전분당 담합 의혹' 대상·사조CPK 경영진, 오늘 구속 갈림길",Social
"""뇌졸중 이후 치매 온 할머니, 요양병원 보내면 천벌 받을까요""",Social
"[단독] 헌재, 재판취소 때 독일처럼 환송할 법원 지정 검토",Social
"""5000만원 투자 사기 신고하자 현관문 앞에 인분 투척""…인천서 보복 대행 추정 신고",Social
"“절차 복잡해 숨 넘어가”...정책자금, 문턱 낮추기가 먼저 [규칙이 된 반칙 : 정책자금 브로커下]",Social
"입학식 날 신입생 후배 폭행한 중학생들, 영상 찍어 SNS에 올리기까지",Social
“일본인에 부산을 꼭 가보고 싶은 도시로 만들겠다”,Social
[인하대병원 메디 스토리]“편마비 오거나 말 어눌해지면 급성 뇌경색 의심을”,Social
답변만 잘해선 부족… AI 면접은 ‘미소-시선-표정’도 본다,Social
작년 국토면적 여의도 4.3배만큼 넓어져,Social
"아이들 질병 아닌 사망, 절반이 자해-자살",Social
"‘필수의료 사고, 중과실 아니면 불기소’ 법사위 통과… “의사이탈 막을것” vs “기준 모호 혼란 우려”",Social
삼성전자 “올해 성과급 상한 없앨것” 勞 “영구 폐지”,Social
200채 세놓고 40채 수입은 누락… 다주택 임대사업자 세무조사,Social
위탁아동 60%가 조부모 손에… 되레 돌봄 도맡는 ‘영케어러’로,Social
[단독]풍력발전기 추가 사고 우려 ‘부적합’ 판정 25개 더 있다,Social
"“할아버지, 저 안 일어 버릴꺼죠” 7세 손녀 눈물의 편지",Social
“왜 새치기해” 기름값 싼 주유소서 흉기 위협,Social
“용산 행정관이 관저이전 감사에 허위답변 요구”,Social
"“시-구의원들, 조정훈에 2500만원 전달”… 경찰, 정치자금 의혹 제기에 내사 착수",Social
[단독]5년후 설계수명 넘기는 풍력발전기 208개 “교체 서둘러야”,Social
"선제검사 의무·감염 관리 지원 부재…일부 요양원 ‘나홀로 방역’ [현장, 그곳&]",Social
"진실게임된 대북송금…녹취록 공방, 결국 공소취소로 이어질까",Social
광명·시흥 3기 신도시 보상 5개월 앞당겨진다… 주민 숨통 트이나,Social
'노량진 공시촌' 몰려드는 30·40대...AI에 밀리고 경기 침체까지,Social
12·12 맞선 故김오랑 중령에 전사 인정 무공훈장 추서 추진,Social
"""공무원 된다니 혼낸 교수님도 있었는데…"" AI 해결사 된 카이스트 동문들",Social
"산책하던 커플 치고 간 러닝 크루..항의하자 ""운동하는 사람들 안보여?"" 되레 큰소리 [어떻게 생각하세요]",Social
"""알바생이 음료 3잔 가져가"" 퇴사했는데 고소...합의금만 수백만원",Social
"""왜 새치기해""…고유가 속 주유소 새치기 차량에 흉기 위협한 30대",Social
"""쓰봉 다 떨어졌어"" 난리 속...""우리도 비상"" 세탁소도 카페도 울상",Social
"퇴근길 '음료 3잔' 가져간 카페 알바생, '횡령 혐의'로 송치",Social
"“결혼 많이 하라더니, 예식장 바가지 너무 하잖아요”...‘스드메 먹튀’ 이제 법으로 막는다",Social
민주 경기지사 후보 1차 TV토론…한준호·추미애·김동연 “내가 적임” 격돌,Social
"""눈·피부에 좋다는 비타민A…과다 복용, 간 망가뜨린다"" 경고",Social
"서울 15과목, 강원은 7과목… 고교학점제 ‘선택권 양극화’ 현실화",Social
X로 돈 버는 2030 ‘블루레이디’… 여성 부업의 진화,Social
“너무 아파서 눈물 나”…40도 고열에도 출근한 20대 교사의 마지막 메시지,Social
“이 말 외치면 속아드려요”…‘벚꽃 명소’ 서울랜드 공짜 입장법은,Social
"""왜 빵빵대"" 승용차 운전자·버스기사 말다툼 끝에 쌍방 폭행 입건",Social
경기 광주 공장 화재 4시간 만에 완진...5개 동 전소,Social
"""하루 몇 분이면 충분""…숨 찰 정도 운동, 치매 위험 63%↓",Social
"보령서 빗길 미끄러진 전기차, 승용차 들이받고 불…1명 사망·차량 전소",Social
봄만 되면 머리가 지끈지끈…단순 두통 아닌 '이 질환'?,Social
"페르시아만 고립 실습생 2명 한 달만에 귀국길...""감사합니다!""",Social
"‘전분당 담합 의혹’ 대상·사조CPK 임원들, 오늘 구속영상 심사",Social
훔친 차 몰다 경찰차 들이받고 도주…16살 소년 결국 '구속',Social
약값 벌려고 마약 조직까지 가입… 더 큰 범죄에 빠져드는 중독자들,Social
"약에 취해 살인·방화·난폭운전… 마약, 다른 사람 목숨까지 뺏는다",Social
"종량제 봉투 '품귀'에…""충분, 최악 땐 일반 봉투""",Social
"권성동, 단서 포착 2개월 만에 구속… 전재수는 4개월 돼서야 소환",Social
천안 시내버스 기사 700명 “난폭운전 근절”,Social
전세버스도 라이더도… 유가 급등에 ‘스톱’,Social
피부과 전문의 2950명인데… 피부 진료 병원은 전국 1만5000곳,Social
오늘 오전까지 전국 비… 서울 벚꽃 금요일 만발,Social
"버스 자율주행 첫 날… 급정거 잦고, 일부 구간 수동운전",Social
[단독] 주유소 앞 100m '장사진'…새치기에 흉기까지,Social
쿠팡 3370만건 유출 이어 배민도…플랫폼 개인정보 관리 구멍 또 드러났다,Social
"60대 중국 동포, 4명에 장기 기증하고 하늘로",Social
"훈·표창 16개 남긴 이근안‥""전수조사하겠다""",Social
1천789원에 몰린 대기줄‥새치기 했다며 '흉기',Social
“소방시설 신경썼더라면…” 오열한 안전공업 참사 유족,Social
돈 받고 ‘보복 대행 테러’ 30대 구속,Social
‘차 훔쳐 무면허 뺑소니’...경찰차 들이받고 달아난 16살 구속,Social
줄 길어진 주유소서 끼어들기 시비…손도끼 꺼낸 30대 체포,Social
"‘기름값 올라 열받는데’…주유소 새치기에 흉기 꺼낸 30대, 체포",Social
“임신했다” 속여 결혼까지…외도·3억 빚까지 드러난 ‘충격 사연’,Social
기후장관 “종량제 봉투 부족하면 일반봉투 배출 허용”,Social
"“나는 그런 사람 아냐” 10살 아이 안심시키더니…출소 2년 만, 또 아동 노렸다 [오늘의 그날]",Social
완전 자율주행 첫선…어린이구역선 사람이 운전대 잡았다,Social
"LS전선, ‘역대 최대 실적’…AI·전력망 수요 확대 수혜",Social
‘당근’에 올라온 강원대 주차권…네가 왜 거기서 나와?,Social
경찰이 증거 넘겼는데 검찰 성과? 검경 수사 공적 신경전,Social
"""피라미드식 사기 범행"" 주장...'세금 피해' 자영업자들, PG 단말기 공급자 집단 고소",Social
[6·3 지선]민주당 원주시장 경선 임박…토론회 개최 여부 변수되나,Social
"""오색케이블카 사업 양양군 재정 부담 우려""",Social
[단독] ‘쓰봉 대란’ 없게… 재생원료 의무화·일반 봉투 허용도 검토,Social
"[선택 2026 강원] ""국힘 도당 공관위 공정한 후보 경선 촉구""",Social
[선택 2026 강원] 태백 선거구도 속속 윤곽… 공천 경쟁 '치열',Social
[기획 취재] 혜택 막히자 호소로… 춘천시 20대 유입 분투,Social
"김한근 강릉시장 예비후보 ""AI데이터센터 실현 불가능 사업""",Social
"[강원의병 130주년-역사가 된 무명] 4. 13도 창의군의 뿌리, 원주 을미의병",Social
"“취약계층 독거노인, 사람을 만나면 삶의 끈이 이어집니다”",Social
고불매·화엄매 절정…상춘객 발길 이어져,Social
11억 기부 ‘얼굴 없는 천사’ 기념관 12억 들여 짓는다고?,Social
경찰청장 ‘정년 리스크’ 해소… 총경급 이상 고위직 인사시기 ‘관심’,Social
"범죄 위험 빈집 많은 부산, 합동 순찰로 수배범도 잡아",Social
“이틀전 넣어줬는데 그대로” 우유 배달로 고독사 막는다,Social
이상기후 속 영서·영동 벚꽃 언제?,Social
뇌출혈 아버지 숨지게 한 20대…李도 언급한 ‘간병살인’ 비극은 [그해 오늘],Social
윤석열 '이종섭 도피 의혹' 오늘 첫 공판…박성재·심우정도 법정에,Social
"[결혼과 이혼] 시조카와 놀아줬더니⋯""정신연령 비슷해서 잘 노네""라고 말한 동서",Social
[날씨] 31일 오전까지 전국 대부분 봄비…낮 최고기온 21도,Social
"나프타 수급 비상…정부 ""최악 땐 일반 봉투 허용""",Social
김치찌개 3000원·순댓국 3500원…‘거지맵’을 아시나요?,Social
[선택! 6·3지방선거] 부천시 차기 시장 여론조사…여야 가상대결 민주당 우세 속 당내 후보 경합,Social
"[속보] 고유가에 칼부림까지…""감히 새치기해?"" 저가주유소서 흉기꺼낸 30대",Social
안전공업 참사 마지막 발인…43년 근무 오상열 씨,Social
사천공항 하늘길 더 활짝 … 섬에어 '사천~김포 신규 취항',Social
쿠팡 이어 배민도…계속되는 플랫폼 기업 정보 유출,Social
‘랩계좌’로 몰래 다올증권 수혈…투자라더니 모회사 수천억 지원?,Social
국중박 유료 입장으로 전환![어텐션 뉴스],Social
"특검, '선관위 장악' 계엄 2수사단 정조준…김건희 수사팀 조사도",Social
경기 광주 유통공장 화재 2시간 20여 분 만에 초진…2명 대피(종합),Social
"""HMM 본사 부산으로"" 이사회 의결…노조는 즉각 반발",Social
"김부겸 전 총리, 대구시장 출마선언 “국힘 버려야 진짜 건강한 보수가 살아난다”",Social
“왜 끼어들어” 고유가 속 주유소 새치기 시비 끝에 ‘흉기’,Social
"""폐기 음료"" vs ""횡령""…청주 알바생 송치 논란",Social
"참전용사에 무료국밥 대접하자…""몇년만에 제복입었다"" 수줍게 문 두드렸다",Social
내 전처랑 전화해? 죽도로 친구 집 난장 만든 50대男,Social
"대구도 밀린다?… 한국일보 ""벼랑 끝 선 국힘"" 서울신문 ""'경북 자민련 될 수 있어""",Social
"'20개월 여아 사망' 친모 기소...""아동학대 살해죄""",Social
"""4월 건보료 연말정산...월급 오른 직장인 더 내야""",Social
'김건희 수사팀' 부른 종합특검...특검보 추가 인선,Social
'대북송금' 수사에 형량 거래?...'녹취록 파문' 쟁점은?,Social
입사 1년도 안 돼 1억 빼돌린 장례식장 경리 검찰 송치,Social
초등생 아들 태우고 음주운전?…단속 피하려다 차 2대 들이받고 도주,Social
"""취직 성공한 50대 경리, 회삿돈 1억 횡령""...결국 검찰행",Social
"""음료 3잔 가져갔다""…알바생 '절도·횡령' 고소한 카페점주",Social
"""최악 상황 오면 일반 봉투로 쓰레기 배출...사재기 멈추라""",Social
주유소 줄 서다 새치기 시비...흉기 협박한 30대 영장,Social
"고유가·물동량 감소에 이중고...""화물차 멈출 지경""",Social
"“임신했다” 거짓말 속아 혼인신고, 알고보니 빚만 3억 있던 아내…채팅방 대화도 ‘충격’",Social
국힘 대구시장 경선 첫 토론…김부겸 대항마는 누구?,Social
"""위험운전·과로운전 줄여야 하지 않나""…월급제 지키려 고공 오른 택시기사",Social
[르포] 서울 기름값 '2000원 시대'…'웨이팅 명소' 된 저가 주유소들,Social
"정부, '12·12 군사반란' 맞선 故김오랑 중령 무공훈장 추진",Social
“5만원 들고는 미안해서 결혼식도 못가요” 축의금 봉투가 머쓱해지는 결혼비용,Social
카페 음료 3잔 가져간 알바생 '횡령 송치' 논란…점주·당사자 공방,Social
“너무 아파서 눈물 나”…40도 고열에 일한 유치원 교사 마지막 메시지,Social
19개월 딸에 음식 안줘 숨지게 한 20대母 ‘아동학대살해’ 혐의 기소,Social
"""식대보다 무서운 보증인원""…다시 뛰는 예식비",Social
[김종석의 리포트]흡연 훈계하자…경찰 부른 중학생,Social
[김종석의 리포트]‘띵동’ 문 여니 떼강도 ‘우르르’,Social
[김종석의 리포트]주유소 순서 기다리다 ‘새치기’ 시비,Social
‘김정숙 옷값’ 무혐의에… 중앙지검장 등 ‘법왜곡죄’ 피고발,Social
“내가 입 열면 뒤집어져”…‘사탕수수밭 살인’ 마약왕 박왕열 고강도 조사,Social
"화천 장례식장 직원, ‘억대 운영비 횡령’ 적발",Social
[6·3대구]김부겸 출마선언 날 국힘 6명 후보 '경제정책' 격돌,Social
‘사제들의 스승’ 정하권 몬시뇰 선종,Social
“다음 주 휴원”…갑작스런 통보에 학부모 ‘혼란’,Social
돈받고 남의 집에 인분·래커칠…‘보복 대행’ 30대男 구속,Social
고속도로서 수학여행 가던 버스 추돌…11명 부상,Social
감점 확대·사전 승인으로 ‘납품 지연’ 막는다,Social
[단독] ‘랩계좌’로 몰래 다올증권 수혈…투자라더니 모회사 수천억 지원?,Social
"알바 중 마신 음료 놓고 법적 공방...""절도""vs""공갈""",Social
"내란특검, 尹 '무기징역' 2심에 '노상원 수첩' 항소이유서 제출",Social
“회비 3억 원 미반환”…수영장 회원 5백 명 피해,Social
“아들 채용해주면 정부지원금 도와줄게”…청년 취업 프로그램서 ‘취업청탁’? [제보K],Social
충북대 총장 선출 추진…‘논란’,Social
"""절도"" vs ""폐기""…음료 3잔 가져간 알바생 '횡령 혐의' 논란",Social
인천서 19개월 딸 영양결핍 사망…20대 친모 '학대살해' 구속기소,Social
"""면허 대여 약국 근무…한병도 원내대표나 배우자가 비난받을 일은 아냐""",Social
안전공업 참사 마지막 발인…43년 근무 오상열 씨,Social
"'시한부' 검찰, 인력난 허덕이자…'경력직' 검사 임관 앞당겨",Social
"'해병 순직' 임성근 전 사단장, 보석 요청…""30년 군 생활 감안해달라""",Social
"법무부 ""아니다"" 밝혔지만…""리조트냐"" 난리 난 교도소 조감도",Social
"""'급전 필요한 분' 연락하니 보복 대행""…오물 테러 30대 구속",Social
"초등생 아들 태운 30대 父, 음주단속 보더니 차량 2대 치고 도주…경찰도 부상",Social
‘쓰봉 대란’ 현실로…8일분 남은 전주시 “일반 봉투 쓰세요”,Social
11kg 감량 신봉선이 반한 '방울토마토'…영양은 일반 토마토보다 '풍부',Social
"[단독] 80대 운전 차량, 식당 '돌진'…외국인 2명 등 4명 부상",Social
'천년 국보'에 새겨진 조상의 기록...철당간 찾은 후손들,Social
"정부, 내란 막다 전사한 김오랑 중령에 무공훈장 훈격 추진",Social
"""자고 나니 바퀴가 사라져""…인천 공공주차장 '바퀴털이' 기승",Social
"""알바중 음료 3잔 가져갔다고 고소당해"" 합의금만 550만원?…점주 ""우리가 피해자""",Social
‘회유 의혹’ 박상용 “자백·선처 설명한 것”…서민석 ‘추가 폭로’ 예고,Social
"""끼니 해결하러 왔다가 범죄 신고하고 빚 독촉 끝냈다""…화성특례시 '그냥드림' 주목",Social
나프타 대란에 '수출 제한'…여수산단 '버티기 안간힘',Social
“왜 끼어들어” 고유가 속 주유소 새치기 시비 끝에 ‘흉기’,Social
"알뜰주유소 새치기 시비 끝 흉기 위협…경찰, 30대 남성 체포",Social
일본군 '위안부' 피해자 할머니 별세…생존자 5명,Social
[뉴스더] 확정판결 뒤집기 논란…'대북송금 사건 거래설' 진실은?,Social
인제 북면서 트럭에 치인 10대 병원이송,Social
"추경호 “김부겸 출마, 대구 위한 선택인가 민주당 전략인가” 직격",Social
"시민단체, 국정조사 찬성 의원 176명 ‘직권남용’ 혐의로 고발",Social
"""너무 아파서 눈물 나"" ""어지러워""…부천 유치원 교사 사망 전 메시지",Social
"[성금내역] 홀로 남은 치매환자 최희준 씨에 2,112만원 전달",Social
"[단독] '단식투쟁' 8일째 김병욱 포항시장 예비후보, 결국 병원 응급실행",Social
"박상용 ""李 표적수사 아닌 당연한 수사""…檢 내부 ""치졸한 음해""",Social
"""5만원 내고 밥 먹었다고 뒷담화""…직장 동료 결혼식 축의금 논란",Social
"이화영 부인, 2년 전 ""형량거래, 서민석이 제안""…그동안 무슨 일이",Social
새벽 3시 30분 '핸들 놓고' 운행…전국 최초 자율주행버스 타보니,Social
도교육감 중도·보수 진영 단일화 물밑접촉,Social
‘중복상장’ 원칙 금지...유탄 맞은 기업들,Social
"[데일리안 오늘뉴스 종합] 장동혁 ""경기 부양용 추경, 경제 성장시킬 수 없어…꼭 필요한 곳 집중해야"", '5월1일' 노동절 법정 공휴일 지정법, 법사위 통과 등",Social
급전 광고에 남의 집 테러 가담…30대 구속,Social
"관저 이전 특혜 의혹 재판서 ""대통령실이 허위 답변 지시"" 증언",Social
"좌회전 '휘청'...도로에 맥주병 수백개 와장창 ""안전 적재 어렵나""",Social
[사건추적] 전국 곳곳에 인분·오물 '보복 대행'…총책 꼬리 잡히나,Social
안전공업 희생자 발인…남은 건 “철저한 조사·처벌”,Social
"[단독] 집주인은 '전직 지점장'···경찰, 해당 금융기관 압수수색",Social
‘관저 이전 특혜’ 건설사 대표 “대통령실 지시로 감사원에 거짓 답변” 법정 증언,Social
19개월 영아 영양결핍 사망…친모 아동학대살해 혐의 기소,Social
19개월 딸 굶기고 놀이공원…20대 엄마에 살해죄 적용,Social
"‘해병 순직’ 임성근 전 사단장, 보석 요청…특검 “여론 왜곡 우려”",Social
"검찰, 생후 19개월 딸 굶겨 숨지게 한 20대 친모 구속기소",Social
"눈물 속 마지막 발인…""반복되지 않게 관심을""",Social
[단독] '고객정보 유출' 조사 착수…배민은 공식 사과,Social
홍장원 전 차장 “계엄 다음날 ‘이재명에 전화’ 제지 받아”,Social
"입사 1년도 안 됐는데…1억 넘게 빼돌린 장례식장 경리, 송치",Social
"추가 구속에도…경찰 비웃듯 ""징역 갈 일 없다""",Social
"[단독] ""새치기?"" 손도끼까지…싼 주유소 찾아 '장사진'",Social
"""삼박자 맞아서 사고""‥사과 대신 '원망'하는 업체",Social
"""집만 사면, 승진만 하면 끝일 줄 알았다""… 중년을 공허하게 만드는 '도착지 중독' [어른의 오답노트]",Social
"[소수의견] 쓰러진 19살, 유독가스 최대치도‥다시 산재 신청",Social
인천서 바퀴 도난당한 BMW “돌 위에 차체만 ㅜㅠ”,Social
"'20개월 여아 사망' 친모 기소...""아동학대 살해죄""",Social
"""도주 우려 없다""…'채상병 순직 책임' 임성근, 보석 요청",Social
"""그 사람들 사람 눈이 아니에요""‥학살의 주범은 아직도",Social
“저 안 잊어버릴 거죠”…대전참사 희생자 손녀 눈물의 편지,Social
“연좌제 두려워 말 못한 4·3…” 미신고 희생 아직도 260여건,Social
[단독] '고문 기술자' 16개 상훈 그대로‥경찰 뒤늦게 전수조사,Social
"'李대통령 파안대소'…한준호, 靑 '대통령과 함께한 순간'에 사진 공유",Social
[군산시장 여론조사] 후보 선호도 강임준 현 시장-김영일 전 시의장 '오차범위 내 박빙',Social
"고유가·물동량 감소에 이중고...""화물차 멈출 지경""",Social
"품절대란에…""최악의 경우"" 장관 직접 나서 진화",Social
'폭삭' 주저앉은 내 차‥'바퀴 4개만 쏙' 절도,Social
"우범기 24%, 조지훈 22%, 국주영은 11%.. '가·감점'이 변수?",Social
유희태 36% 이돈승 22%.. 완주-전주 통합 반대 62%,Social
익산시장 여론조사 최정호 39%...격차 더 벌어져,Social
"강임준 22%, 김영일 20% '혼전'.. 이합집산 '주목'",Social
"“자랑하고 싶으셨대요” 제복 입고 국밥집 찾아온 노인, 뭔일",Social
"""대기업 다니는 나와 결혼하려...아내 임신 거짓말에 3억 빚도 있었다""",Social
"휘발윳값 싼 주유소 앞에서 흉기 위협‥""새치기에 격분""",Social
10대 자살·20대 폭력·50대 산재 연령별 달랐던 ‘응급실 간 이유’,Social
90대 노인 출발 열차에 매달려 사망‥ 역무원은 어디 있었나?,Social
"“한남 소리 듣기 싫으면” 번역가 황석희, 성범죄 의혹 속 과거 발언 재조명",Social
"입사 1년도 안됐는데, 회삿돈 1억 빼돌려…50대 경리, 빚 갚으려 범행?",Social
검찰 '형량 거래' 의혹 통화 녹음 다시 따져보기로‥서민석 재소환 방침,Social
"퇴근길 음료 3잔이 '횡령'? 카페 알바생 고소한 점주, 이유가",Social
"[밀착카메라] ""600억을 해놓고, 벌판이야""…'제2 잼버리 우려' 터졌다",Social
도시철도 하단~녹산선 개통 또 차질…이번엔 설계업체 제소 조짐,Social
아이가 무슨 죄?… 부모 손에 86명 희생,Social
대전공장 화재 유족 절규에도… 사측은 ‘묵묵부답’,Social
‘사탐런’ 이어 ‘확통런’… 고3 절반 응시,Social
"2025년 월급 오른 직장인, 건보료 더 낸다",Social
AI 확산에 신입 채용 '뚝'…'취업전선' 청년들의 목소리,Social
"""종량제 없어지면 일반 봉투""...기후장관 사재기 진화",Social
19개월 딸 나흘간 방치하고 찜질방·놀이공원…20대 친모에 아동학대살해죄 적용,Social
"'관저 이전' 건설사측 ""대통령실, 감사원에 허위 답변 지시""",Social
"""4월 월급 통장에 놀라지 마세요""…건강보험료 연말정산 '희비'",Social
"손님인 척 '강도 돌변' 20대들, 제 발로 다시 현장에…왜?",Social
"배민이 막혀? ""등본 떼면 돼""…'보복 대행' 수사 비웃듯 성행",Social
"내란특검 ""노상원 수첩, 객관적 입증에도 1심은 증거 인정 안 해""",Social
‘아이패드·컴퓨터·플스’ 사망자 물건 훔친 업체 직원…들키자 “조용히 처리해달라”,Social
음료 3잔 가져갔는데…'횡령 vs 폐기' 무슨 일,Social
"[단독] ""왜 빵빵거려, 죽여버린다""…버스 기사 목 조른 40대",Social
"""내 남친 건드렸냐, 죽인다""...동기 때리고 욕설 쏟아낸 대학생의 최후[사건실화]",Social
"""선산이라 개발 불가""라던 양평 땅…수년 간 '전원 주택' 사업 계획",Social
기후장관 “쓰레기봉투 부족 땐 일반봉투 사용 허용”(종합),Social
"4천원 돈까스, 2천원 계란말이...외식 물가 치솟자 거지맵 인기",Social
"""4월 월급 보고 놀라지 마세요""…연봉 올랐다면 건보료 더 낸다",Social
[단독] 공원·광고 비용 1억씩…'전문가 거친 듯' 예상 수익 계산,Social
"'채상병 순직 책임' 임성근 前사단장 ""도주우려 없다"" 보석 요청",Social
"[단독] ""주택 분양 사업, 매출 48억""…'양평 종점' 사업 계획 문건",Social
이 대통령 “4·3 국가폭력 시효 폐지”…제주서 인권·에너지·과기원 청사진 함께 꺼냈다,Social
사라진 입양 골든타임... 우리 둘째는 지금 어디에 있을까,Social
"[속보] ‘김정숙 옷값의혹’ 무혐의 처분에…시민단체, 검사 ‘법왜곡죄’ 고발",Social
“쯔양 ‘먹방’ 후 토한 흔적 봤다” 허위사실 제보女 약식명령,Social
"19개월 딸 방치해 숨지게 한 20대 생모, '아동학대 살해' 檢기소",Social
고급호텔 객실 와인잔 깨뜨렸더니…로비에서 가장 먼저 들은 말은?,Social
"진용도 다 못 갖춘 종합특검, 증원 논란… 주요 수사도 난망",Social
경기 의왕 아파트서 ‘보복 대행 테러’ 30대 구속,Social
"""너무 아파서 눈물 나""…39도 고열에도 출근한 유치원 교사, 결국 사망",Social
"[단독] ""우리가 김도기 기사""…사적 보복 대행 조직 총책 베트남에 있나",Social
‘청주 알바생 커피 횡령 사건’…점주 “억울” vs 알바생 “강요로 죄 실토하게 해”,Social
"‘19개월 딸 굶겨 살해’ 검찰, 20대 친엄마 ‘아동학대살해죄’ 적용",Social
‘보복 대행’ 범죄 기승···의왕 아파트서 ‘인분·래커칠 테러’ 벌인 30대 구속,Social
[단독]음주단속 보고 줄행랑…초등생 아들 태운 아빠였다,Social
"""권력 눈치 보는 듯""…서민위, 김정숙 여사 '옷값 의혹' 수사책임자 고발",Social
혼자 사는 여성 집 침입해 강도질…4인조 강도 덜미,Social
'생후 19개월' 딸 굶겨 사망케 한 친모에 '아동학대살해죄' 적용,Social
"[단독] ""순금 목걸이""라더니…전국 금은방 돌며 가짜 금 사기 덜미",Social
비닐 대신 종이로 약 포장…세탁소도 한숨,Social
"[단독]국세청, 화천대유 체납에 330억 원 압류",Social
"""독감 걸려 죄송""하다며 고열에도 주말 출근…사망한 유치원 교사, 마지막 카톡엔",Social
'쓰봉' 다음은 '포장용기'?…나프타 수급난에 사재기 조짐,Social
[사건을 보다]옷소매에 숨겨…딱 걸린 손톱 도둑?,Social
주유 행렬에 새치기 시비…흉기 위협까지,Social
여성 혼자 사는 오피스텔에 4명 떼강도,Social
돈 받고 인분 투척·래커 칠…의왕서 또 텔레그램 악용 ‘보복 대행 범죄’,Social
함병선 공적비 옆 ‘바로 세운 진실’…극우 유튜버 또 난동,Social
[현장 카메라]“윷놀이로 600만 원 날려”…공원 한복판 도박,Social
"'관저 이전' 건설사측 ""대통령실서 감사원에 허위 답변 지시""",Social
"유명 프로게이머, 부친 명의 주식거래…국세청 ""세금 회피""",Social
"""칭얼대 화가 났다""…장난감으로 한 살배기 딸 폭행한 40대 엄마",Social
"""술 취한 신부는 아이를 놔주지 않았다""… 혼혈아 학대·해외입양, 진실규명 신청",Social
몸무게 4.7㎏로 숨진 19개월 딸…아동학대살해 20대 엄마 재판에,Social
현관문에 인분 뿌리고 도어락엔 본드…투자사기 신고하자 ‘보복 범죄’,Social
"‘경기도 법카 유용’ 공범 前 비서실장, “지방선거 이후로 재판 미뤄달라”",Social
이 시국에…朴시장 없는 중동 비상대응회의,Social
[친절한K] 대통령 제주 발언 분석…“4·3이 핵심”,Social
입사 1년도 되기 전에 회삿돈 손대…간 큰 장례식장 경리 송치,Social
‘0.5인분 식사’에 대표 욕설…외국인 노조 가입에 “공산주의”,Social
"19개월 딸 굶겨 숨지게 한 친모, 아동학대살해 혐의 구속기소",Social
"화천 장례식장 직원, ‘억대 운영비 횡령’ 적발",Social
[단독] 입양공공기관이 예비 부모에 ‘마루타’?…입양 부모들 분통,Social
“회비 3억 원 미반환”…수영장 회원 5백 명 피해,Social
한양여대에서 두 차례 불...'방화 혐의' 20대 여성 체포,Social
‘안전공업 참사’ 눈물 마르기도 전에…매운탕·샤부샤부 연찬회,Social
"“3,232억 vs 865억”…웅동사업 ‘확정투자비’ 소송",Social
'김건희 수사팀' 부른 종합특검...특검보 추가 인선,Social
'19개월 딸 굶겨 사망' 친모에게 '아동학대치사→살해죄' 적용,Social
“다음 주 휴원”…갑작스런 통보에 학부모 ‘혼란’,Social
의왕 아파트서 '보복 대행 테러' 30대 구속(종합),Social
입학식 날 신입생 폭행하고 영상 촬영한 10대들…4명 송치,Social
안전공업 참사 마지막 발인…43년 근무 오상열 씨,Social
단속 피해 차량 도주…추격하던 경찰관 사고로 부상,Social
[단독] 사라지는 ‘어르신 손발’… 농촌 별정우체국 84곳 폐쇄,Social
‘한남동 관저’ 건설사 대표 “대통령실 행정관이 감사원에 허위 답변 지시”,Social
"""최악 상황 오면 일반 봉투로 쓰레기 배출...사재기 멈추라""",Social
"""반도체 산단 애초 계획대로""…경기도민 58.6%, 용인시민 78.2%",Social
채용형 인턴 기간 남았는데… 조기탈락 통보한 대웅그룹 '논란',Social
"“내 전처와 왜 통화해”…죽도로 친구 집 박살낸 50대, 징역형 집행유예",Social
여야 충북지사 공천 극명한 대조…양자대결 속 세결집 명암,Social
"신정훈, 강기정 꺾고 단일후보…與전남광주시장 3강체제(종합2보)",Social
충청민들 '송전선로 건설사업' 집단행동 확산… 백지화 정조준,Social
"검찰, 생후 20개월 딸 굶겨 숨지게 한 20대 친모 구속기소",Social
"‘김정숙 옷값 의혹 무혐의’ 박철우 중앙지검장, 법왜곡죄로 고발당해",Social
담배꽁초 옆에서 영양결핍으로 숨진 19개월 여아…친모 재판행,Social
‘생후 19개월 영아 사망’ 친모 구속 기소…아동학대 살해 혐의,Social
"정원오, 성동문화원장 재임용에 ""吳에게 따져야""…市 ""책임전가""(종합)",Social
"65개 안건중 60번째, 후순위 행정수도특별법…심사 무산(종합)",Social
"추경호 의원, ""김부겸 대구시장 출마는 정청래 대표의 정략적 호출"" 강도 높은 비판",Social
"""끼니 해결하러 왔다 인생의 벼랑 끝 탈출했다"" 화성시 그냥드림의 기적",Social
생후 19개월 딸 굶겨 사망…20대 친모 '아동학대살해죄' 적용,Social
'대북송금' 수사에 형량 거래?...'녹취록 파문' 쟁점은?,Social
"김정숙 여사 '옷값 의혹' 무혐의 결론 검사, 법왜곡죄 피고발",Social
"고유가에 대중교통으로…""지하철 타면 페이백도""",Social
입학식 날 화장실서 후배 집단폭행·영상 올린 중학생들 송치,Social
“위험한 농촌 고령층… 가장 큰 원인은 ‘해체된 돌봄망’”,Social
"민주당 공천 탈락자, 순천 지역구 국회의원 들이박아",Social
"정성홍 ""단일화"" vs 장관호 ""세과시""…진보 주도권 경쟁 '후끈'",Social
"""가산점 10% 확정"" 문자 논란…이재태 나주시장 예비후보 고발당해",Social
음료 3잔 가져간 알바생 '횡령 혐의' 송치 논란,Social
"""대통령실 행정관, '용산 관저 이전 특혜' 감사 허위답변 지시""",Social
요소수·종량제 봉투 충분하다는데…불안은 '여전',Social
“삼풍백화점 때나 지금이나 똑같다”,Social
‘무주·진안·장수군’ 시외버스 절반 멈추나…발 묶일 주민들만 답답,Social
"""잔가지 정리하려다…"" 홍성 산불낸 50대 구속 영장",Social
"김정숙 여사 옷값의혹 무혐의 결론에...시민단체, 검사 법왜곡죄로 고발",Social
"채해병 순직 당시 최선임 지휘관 ""바둑판식 수색, 임성근 지시 아닌 교육""",Social
"19개월 영아 '영양결핍 사망' 친모, 아동학대 살해 혐의로 재판행",Social
"유명 롤 프로게이머, 부친 명의 주식거래… 국세청 “세금 회피”",Social
주유소 줄 서다 새치기 시비...흉기 협박한 30대 영장,Social
박철우 중앙지검장 “미제 사건 털어내라”…부실 처분 증가 우려도,Social
"국힘 창원시장 김석기 연일 강기윤 때리기…""더이상 인내 않겠다""",Social
"강기윤 창원시장 예비후보 ""김석기, 네거티브 연장하면 더는 안 참아""",Social
"동탄에 '제4고대병원' 본격 추진…""글로벌 톱티어 병원 도약"" [뉴스+현장]",Social
여야 ‘중동사태 추경’ 내달 10일까지 합의처리 하기로,Social
"국민의힘 대전 서구청장 경선 '파행'…김현호 ""도덕성 붕괴"" vs 서철모 ""허위사실""",Social
"""아예 병가 없다 56.5%""...국가가 버린 사립유치원 교사들",Social
"""음료 3잔 먹었다""…'청주 알바생 횡령' 송치 논란",Social
[단독] 12·12 막다 숨진 김오랑 중령…46년 만에 무공훈장 받는다,Social
비료·농업용 비닐도 '사재기'…전쟁 장기화에 타들어 가는 농심,Social
"우상호 여당 강원지사 예비후보 “도청사 착공 강행, 도민 무시한 것..진입도로 착공식이냐” 맹공",Social
자칫하단 바다 추락… 기장군 항구 안전 대책 ‘허술’,Social
[단독]위조 공문에 허위 계약까지…학교 사칭 사기 확산,Social
"‘1억 공천헌금’ 강선우·김경 재판, ‘부패 담당’ 중앙지법 형사1단독 배당",Social
홍성서 산불 낸 50대 남성 구속영장 신청,Social
"이인선 대구시당위원장, ""대구 정치적 자존감 회복 위해 중앙당 협력”요청",Social
안성 평택제천고속도로서 3중 연쇄 추돌…1명 부상에 차량 정체,Social
"“꽃가루가 폴폴~ 봄이 왔구나”…불청객 ‘알레르기 비염’, 증상 완화 어떻게? [이슈픽]",Social
"강원 신청사 공방…김진태 ""도민 합의로 첫발"" 우상호 ""논란 먼저 해결을""(종합)",Social
‘여고생 3명 사망’ 부산 모 예술고 교장 해임 처분 취소,Social
"김정숙 여사 '옷값의혹' 고발인, 무혐의한 검사 법왜곡죄 고발",Social
"김부겸 전 총리, "" 대구가 국민의 힘을 버려야 한국 정치가 균형을 찾고, 제 자리를 잡을 수 있다""",Social
"李, 제주 타운홀미팅…""4·3해결 더뎌"" 등 도민들은 아쉽다",Social
[내일날씨] 새벽 전국 봄비 계속…오전 그치고 낮 최고 21도,Social
강남 압구정서 80대 운전자 몰던 차 식당 돌진… 4명 부상,Social
'부산글로벌법' 법사위 stop에 박형준·주진우 맹비난,Social
"경인아라뱃길서 남성 시신 발견… 경찰, 부검 의뢰",Social
"'특혜 관저 이전' 관련 대표 ""전 행정관이 감사원에 허위 답변 지시"" 증언",Social
"""완전 자율주행""이라더니...어린이보호구역에서는 해제, 왜",Social
투자사기 신고하자 현관문에 '인분' 투척…인천서 보복 대행 의혹,Social
6·3 경남 기초단체장 선거 대진표 윤곽,Social
"[속보]한양여대 하루 2차례 화재…방화 용의자 체포, 100여명 대피",Social
“나를 가둔 7년 감옥에서 나왔다”…농촌서 ‘자립’ 싹틔우는 은둔청년들,Social
"유명 프로게이머, 부친 명의 주식거래… 국세청 ""세금 회피"" 적발",Social
강기정 '신정훈 선대본부장' 가능하나…광주시장 직무 복귀?,Social
"""백김치만 보면 눈물… 똑똑했던 아들 동가 어디 있니"" [잃어버린 가족찾기]",Social
시의장-지역위원장 고성·욕설 충돌…순천 민주당 내홍 격화,Social
"[영상] ""한국 친구 추억하며""…4명에 새 삶 선물한 중국인",Social
"“엄마 잃고, 나 자신도 찢어져”…‘혼혈’ 입양인 첫 진실규명 신청",Social
'음료 3잔' 횡령 혐의…카페 알바생 검찰 송치 논란,Social
"[단독] ‘특혜 논란’ 여론조사 업체 대표, 김병기에 후원금 건넨 정황",Social
간병인이 입소자 폭행하도록 방치한 80대 요양병원장 벌금형,Social
반려동물 정책 총리실로…노인 입원·가정폭력 ‘보호 공백’ 메운다(종합),Social
′행정수도=세종′ 담은 특별법 심사 국토위 소위 산회로 불발,Social
"부산글로벌특별법 법사위 미상정…박형준·주진우 ""민주당 부산발전 발목 잡아""",Social
"[자막뉴스] 40도 고열' 버티며 출근한 교사…""아파서 눈물 나"" 마지막 메시지",Social
"""쯔양 먹고 토하는 것 봤다""… 허위 제보 대학 동창, 벌금 700만 원",Social
“너무 아파서 눈물”…고열에 출근한 유치원 교사 마지막 메시지,Social
"“정정하다는 말도 부족”…94세 이길여, 또다시 ‘동안 외모’ 화제",Social
[내일 날씨] 오전까지 전국 '비' 이어져… 낮부터 최고 21도 '포근',Social
안성 평택제천고속도로 3중 추돌사고로 1명 부상…차량 정체,Social
"취임 100일 맞은 김종철 방미통위원장 “청소년 SNS 규제, 연령별·단계별 접근 필요”",Social
김부겸 대구시장 등판에 국민의힘 '위기 경보' 발령 총력전,Social
"마포·은평, 폐기물 협력 균열…“공동투자” vs “소유권 무관”",Social
행정수도 특별법 또 멈췄다…후순위에 막혀 '심사도 무산',Social
[주장] 기간제교사 성과상여금 차별 폐지하라,Social
美 '북창동 순두부' 창업자 이태로 회장 별세,Social
"이 대통령 향해 '막말' 김미나, 명예훼손 혐의 또 법정 선다",Social
"""자율주행은 찬성, 새 면허는 반대"" 대구 택시업계 상생 해법 촉구",Social
선거 두 달 남았는데…원주시장 민주 후보군 '원팀' 균열 조짐,Social
"산불, 고기압, 가뭄 때문에 ... 3월 미세먼지, 작년보다 심했다 [영상]",Social
김태균 서울교통공사 사장 취임 첫날부터 현장 행보...“안전 최우선”,Social
“이게 다 맥주병이야?” 울산서 좌회전 트럭 참사,Social
"""尹 내란 1심, 전두환 내란 대법원 판결에도 어긋나"" 특검 항소이유서 제출",Social
"종량제 봉투 가격, 어떻게 정해질까? “봉투 값 아니라 ‘쓰레기값’”[정리뉴스]",Social
한양여대서 하루 2번이나 화재…방화 용의자 검거(종합),Social
"이재명 대통령 ""제주 전기차 100% 전환 목표 앞당겨야""",Social
"""순번표 잡으려 새벽 광클""…대학상담센터 예약 별따기",Social
최저임금 1060원 올렸더니 저임금 노동자 “더 건강해졌다”,Social
"'현직 의원'들의 세 대결로 변질된 민주 경선…단일화인가, 기득권 야합인가",Social
"한양여대서 하루 두 차례 화재…100여 명 대피, 방화 가능성 조사",Social
단일화 실패는 필패…부산교육감 올해 선거 변수도 단일화?,Social
"순천 민주당 경선 후폭풍…컷오프 의장, 국회의원에 욕설 소동 [6·3의 선택]",Social
"""자식 팔이"" 공인의 이태원 참사 막말, 혐오·음모론 키웠다",Social
현장 목소리 반영못한 '친노동 2탄'… 소송대란·고용위축 우려,Social
화장실에 신입생 감금하고 폭행·촬영까지…중학생 송치,Social
양구 국토정중앙면 산불 1시간여만에 진화…강원 사고 잇따라,Social
"‘1억 공천헌금’ 혐의 강선우·김경, ‘부패담당’ 중앙 형사1단독 배당",Social
한양여대 하루에 2번이나 불…방화 용의자 경찰에 붙잡혔다 [세상&],Social
"정유미 검사장, 박상용 검사 '회유·압박' 의혹 반박…""악의적 맥락 왜곡""",Social
‘자식 나눈 사이’ 막말 김미나 창원시의원 또 재판받는다,Social
"닫힌 열차 문 두드리며 따라가던 90대 남성, 선로로 떨어져 '참변'",Social
"글로벌허브도시 특별법…전재수 ""책임질 것"" vs 야권 ""기만 말라""",Social
"명재성 고양시장 예비후보 캠프, 허위사실 유포 혐의 전직 공무원 고발",Social
[자막뉴스] 대통령이 약속한 4.3의 완전한 해결.. 남은 과제는?,Social
"[단독] 르완다 공무원 초청 연수 기획사, 강사료 뻥튀기",Social
무서운 여중생들…입학식날 신입생 집단폭행하고 SNS 올려,Social
신입생 후배 폭행하고 촬영·SNS 게시…중학생 4명 송치,Social
서울대의 고육책…'AI 석학' 모시는데 연봉 3억,Social
"마지막 2015 교육과정 입시, ‘2027 대입’ 대비 체크포인트",Social
"숨진 '독감' 유치원 교사, 출근 말리는 부모에...""나오지 말라고 안 하는데""",Social
"고대의료원, 동탄에 'AI 네이티브 병원' 설립",Social
“왜 이렇게 칭얼대!” 카페서 1살 딸 얼굴 장난감으로 수차례 때린 母,Social
'아아' 등 음료 3잔 가져간 알바생 '횡령 혐의' 송치 논란,Social
"'광주-나주 광역철도 무지' 비판에…민형배 ""예타도 실패한 사업, 정쟁 말고 대안 찾자""",Social
“숨쉬기 너무 불편해”…‘독감 사망’ 유치원 교사가 남긴 카톡,Social
[내일 날씨]광주·전남 31일 새벽까지 비…해안가 강풍 주의,Social
"""폐업하려면 2억, 그저 버틸 뿐""…벼랑 끝에 선 사장님 '눈물'",Social
‘노포~북정 왕복 48분’ 기관사 없는 무인 운행… 주거 지역 지날 땐 차창 자동 흐림,Social
"""세계가 주목하는 대학으로 도약""…'학생 3만명' 강원대 통합 비전 선포식 개최",Social
"""부산 볼모 vs 필요한 절차"" 시장 후보군, 특별법 두고 공방",Social
"'중학생 흡연 제지'로 신고 당한 유튜버⋯경찰 ""그냥 상대하지 마시라"" 대응",Social
"기후장관 ""쓰레기 일반봉투 배출도 검토"" [짤e몽땅]",Social
"'1억 공천헌금' 강선우·김경, '부패담당' 중앙 형사1단독 배당",Social
"항로 이탈 vs 수심 변화, '359명 대피' 한강 유람선 좌초 원인 공방",Social
"""벨 누르고 들어가""…40대 女 집에 침입해 강도 행각 벌인 4명의 男",Social
“마스크 쓰고 가겠다”…고열 출근 후 사망한 교사가 남긴 메시지,Social
"'제2의 남부발전' 찾는다…노동부 ""직원 복지기금 유용 전수조사""",Social
기름값 싼 주유소 새치기 차량 시비에 흉기까지,Social
"서울시 “민주, 사고 유람선 ‘한강버스’로 거짓 선동…도 넘어”",Social
"정부 ""쓰레기 봉투 부족시 일반 봉투에 버리도록 허용…종량제 봉투 가격 인상도 없을 것""",Social
인천 경인아라뱃길서 신원 미상 시신 발견…부검 의뢰 방침,Social
"고대·연대, ‘학술 용병’ 의혹 부인…“대학 평가 편법 없었다”",Social
"김동연 ""민선 9기 되면 복지국을 복지실로 확대할 것""",Social
"'JMS' 정명석, 황제 수감생활?…대부분 독방서 지내",Social
20대 틱톡커 살해·시신유기 징역 40년…검찰·피고인 쌍방 항소,Social
"[단독] 미래 내다본 것처럼 '김건희 일가' 양평 주택분양사업 구체적 계획…""매출 48억, 이익 17억 예상""",Social
[현장영상] '쾅쾅쾅' 들이받고 튀어 오른 차량…12대 연쇄 추돌 사고 발생한 이유,Social
담배 피운 중학생 계도하다 되레 '신고' 당한 격투기 선수,Social
[단독] 공동현관 비번 뚫고 ‘보복대행’ 한 20대 구속송치,Social
"강남 압구정 음식점으로 승용차 돌진‥""운전 미숙""",Social
“비닐·플라스틱 수량 제한합니다”…자영업 현장은 이미 ‘비상’,Social
"에이비엘바이오, 美 네옥 바이오에 377억 추가 투입…이중항체 ADC 임상 가속화",Social
"제주서 12번째 타운홀 미팅 이 대통령… “해저터널은 반대, 제2공항은 도민 판단”",Social
"성북구, 장위뉴타운 장위13구역 12년 만 사업 재추진",Social
[6·3강릉]'후보사퇴 강요' 수사할까?…경찰·선관위 고발장 접수,Social
"""누구 말이 진실"" 경찰, 금품수수 혐의로 장세일 영광군수 딸과 전달자 '압수수색'",Social
"중2 횡단보도 흡연 제지하니 ""왜 찍냐"" 욕설…명현만 앞에서도 돌변",Social
대치동 은마 실거주 몇 명인지 전수조사했더니... 충격적 결과,Social
강남 압구정서 80대 운전자 몰던 차량 식당 돌진…4명 경상,Social
"현관문에 똥 뿌리고, 비방 전단 살포…사기 피해 신고했더니 보복테러",Social
"방미통위원장 ""지상파와 JTBC 중계권 협상 가시적 성과는 없지만…""",Social
재판소원 사전심사 통과 '0건'…무더기 각하 이유 봤더니,Social
"프로게이머, 아버지 명의로 주식 투자하다 결국...",Social
대구 자율주행 택시 시대 '임박'…물류 실증 거쳐 여객 운송까지 확대,Social
"“자원순환센터 188억 분담했다”…마포구, 은평구에 소유권 소송",Social
대통령도 호응한 ‘고문 수사관’ 상훈 취소···7년 전 시민사회도 “정부가 나서야” 주문,Social
"에이비엘바이오, 네옥에 377억 투자…""ADC연구 가속화""",Social
"메가스터디 ""풀서비스 이용자 절반 ‘확통’ 선택…'사탐런' 현상 지속""",Social
한강 유람선 좌초가 쏘아 올린 ‘6·3 지방선거’ 전초전,Social
투자사기 신고했더니 ‘인분 투척’…인천서 보복 범행 의혹,Social
‘188억 분담했는데 단독등기’ 마포구 “은평구 상대 소유권 소송”…은평구 “소유권과 무관”,Social
'안전공업 참사' 희생자 영면…유족 '책임자 처벌' 촉구,Social
"오세훈, 허민 유산청장과 만났다…세운구역 ‘이견’ 조율",Social
"'1억 공천헌금' 강선우·김경, 서울중앙지법 형사1단독 배당",Social
전국 흐리고 오전까지 비…낮 최고 21도 '포근'[내일날씨],Social
"종합특검, ‘수사2단’ 범죄단체조직죄 입건…노상원 정조준",Social
3월 마지막날 오전까지 봄비…예년보다 포근하고 대기질 회복,Social
"기름값 상승에 출퇴근 부담...""대중교통 이용 늘고 교통량은 줄어""",Social
"현직 경찰관 아내, ‘재개발 분양권’ 미끼로 16억 가로챘다",Social
"경찰, 조정훈 의원 공천헌금 의혹 수사…측근 소환",Social
대한항공 2000억 투자…‘항공우주 거점’ 그리는 서부산,Social
"""독감 걸려서 죄송합니다""…사망한 부천 유치원 교사가 원장에게 보낸 메시지",Social
"""이불 까세요"" ""준비하세요"" 원장 신부의 참혹한 지시",Social
"""전기료 차등화해야 지방에 기업 몰려올 것""",Social
호르무즈 해협 실습 선원 추가 하선…하선 도미노 현실화,Social
"""누적 적자만 4억"" 서울에서 동네 목욕탕이 사라지고 있다",Social
"[더세종] 행정수도특별법, 후순위 심사... 세종시민 ""잔뜩 기대했는데···""",Social
"대한항공, 부산에 2000억 투자…""항공우주 공장 신설""",Social
교통대 통합 또 수렁…다시 내홍에 휩싸인 충북대,Social
"대북송금 녹취록 파장…""검찰 부적절한 플리바게닝"" vs ""與 싸구려 삼류 정치공세""",Social
"박광운 영종구청장 예비후보, 인천공항 통합 반대 1인 시위",Social
"입학식 날 신입생 폭행·영상 찍고 협박한 여중생들, 檢송치",Social
"'12년만 시장 출마' 김부겸 ""국힘 바꾸고 싶으면 김부겸 찍어달라""[영상]",Social
"""최저임금 노동자 10명 중 9명, 최소 생활비 미달""",Social
"“고려대 동탄병원, AI 기반의 스마트 병실 선보일 것”",Social
"광주시, 종량제봉투 3~4개월분 재고 확보…“사재기 자제”",Social
"[단독] 기름값 싸서 몰리더니…""왜 새치기하냐"" 흉기까지",Social
'무료 관람' 끝...국립중앙박물관 내년부터 '전면 유료화' [지금이뉴스],Social
"""육동한 춘천시장, 현직 장막에 숨지 말고 토론 참여하라""",Social
"쓰리에이치, 공군에 3H지압침대 50대 기증… 조종사 건강 지원",Social
"입양 아동이 '물량'?... 고개숙인 아동권리보장원장 ""부적절 발언 송구""",Social
“중위소득의 절반도 못번다”…100명중 15명 빈곤선 이하,Social
베를린장벽도 광화문 감사의정원에…오세훈 “깊이 감사”,Social
"""부동산 업무인 줄""…보이스피싱 수거책, 무더기 징역형",Social
'20대 잠수부 사망' 울산 조선소 하청업체 대표 구속 송치,Social
"최민호 세종시장, 국회 국토위 찾아가…행정수도특별법안 조속 처리 요청",Social
"신정훈, 강기정 제처고 단일후보로…전남광주통합시장 민주당 경선 3강 체제 재편",Social
안전공업 참사 마지막 발인…43년 근무 오상열 씨,Social
“알고 보니 중국산” 57억원대 ‘○○○’ 국산으로 둔갑…딱 걸렸다,Social
"오세훈 ""'감사의 정원' 5월 준공...석재 보내준 각국에 감사""",Social
"“대기업 다니는 나와 결혼하려 임신 거짓말 아내, 3억 빚까지”",Social
한신대 학생들 “‘강제출국’ 검찰 수사 부실…총장 책임 밝혀라”,Social
“종량제봉투 부족하면 일반 봉투 허용할 것”,Social
"김태균 서교공 신임 사장 ""최우선 가치, 직원과 시민의 안전""",Social
"“188억 분담했는데 단독등기?”…마포구, 은평구에 소유권 소송",Social
"""쓰레기 봉투 부족 심각해지면 일반 봉투 허용""",Social
민주당 충남지사 후보 이번 주말 본 경선…'신경전' 최고조,Social
SNS 막말 논란 김미나 창원시의원 재판행,Social
"초등생 볼 당긴 야구감독 벌금형…운동장 100바퀴 '뺑뺑이' 지시는 무죄, 왜? [디케의 눈물 361]",Social
"6·3선거 출마자, 민주당 전남도당 공천배제에 분노 표출",Social
"강원도 신청사 착공식 ""69년 만 이전"" vs ""5천억 경제살리기에""",Social
[영상] 과자 하나에 4만원대?···4월에 재출시하는 한정판 과자 [유행보고서 EP.2],Social
"""장애인 식탁 아래서 기어다니게 해"" 마포 시설서 이용자 학대 의혹 제기",Social
"""술 취했다는 이유만으로 감형 못해""…법원, 지인 살해하려한 60대 지탄",Social
"배민서 빼돌린 고객 정보로 '보복 대행'…""채용기준 강화하겠다""",Social
"`1년 3개월 공백` 경찰청장, 인선 속도내나…정년 리스크 해소",Social
"짜장면 21그릇 싹싹 비워 놓고⋯""이물질 나왔어요"" 환불 요구한 손님",Social
이명구 관세청장 “미화 1만 불” 자진신고 캠페인,Social
"인천공항, 비행기 45초당 한 대 씩 뜨고 내린다… 세계 8위 수준",Social
"권태호·지역주민 ""울산 중구 학성공원 물길 복원, 조속히 추진해달라""",Social
[오늘의 운세] 3월 31일 화요일 (음력 2월 13일 甲辰),Social
엎어둔 ‘술잔’…MZ세대가 음주 덜 하는 이유,Social
청라하늘대교 개통 후 민원 급증… 인근 심야 고소음 오토바이 제한,Social
"경찰, ‘국힘 조정훈 공천헌금 의혹’ 내사 착수… 2500만 원 수수 의혹",Social
강남 압구정서 80대 운전자 차량 식당 돌진...4명 부상,Social
인천 벌말교 인근서 시신 발견…부검 의뢰,Social
"강선우·김경, '대장동 일당 무죄' 선고한 중앙 형사1단독 배당",Social
서울 꽃구경 명소는?…서울관광재단이 소개하는 '봄꽃 명소',Social
"홍성 산불 방화 혐의 50대, 자택서 '쿨쿨' 체포…""기억이 없다""",Social
"대전시, 천변도시고속화도로 원촌육교 전면 통제",Social
"경찰, 국힘 조정훈 ‘공천헌금 의혹’ 내사…마포갑 시·구의원 줄소환",Social
"마포구 VS 은평구, 폐기물 시설 소유권 분쟁 법정으로",Social
"오세훈 “불출마나 무소속 출마, 상상해본 적도 없다”",Social
"“너무 아파 눈물 나”…39.8도 고열에도 일하다 숨진 20대 유치원교사, 마지막 메시지",Social
"다음 주 벚꽃 '분홍 물결' 절정…변수는 봄비 소식, 만개와 겹칠 수도",Social
"한양여대 잇따른 화재로 100명 대피...경찰, '방화 가능성' 수사",Social
"“쯔양 ‘먹토’ 목격” 허위 제보한 대학 동창, 결국 벌금 700만원",Social
국밥 한 그릇 대접했더니…제복 입고 가게 찾아온 참전 용사,Social
노영민-한범덕 vs 신용한-송기섭 손잡나…민주당 충북지사 결선 코앞,Social
"""닭고기 50억 사기 의혹""...경찰, 가공업체 직원 수사",Social
"“안돼, 가지마 살려내”…안전공업 화재 희생자 오열 속 마지막 발인",Social
"'1칸당 1명' 트램펄린에 뛰어들어 다친 아동…법원 ""시설도 책임""",Social
“용산 행정관이 21그램 감사때 허위답변 요구…문구까지 지시”,Social
정원 줄이는 미충원 대학에 최대 10억원 지원…‘특성화 인센티브’도 신설,Social
"""중2 흡연 훈계했더니 신고""…190㎝ 격투기 선수도 당했다",Social
"'1억 공천헌금' 강선우·김경, '부패담당' 중앙 형사1단독 배당",Social
"관세청 ""외화밀반출 꼼짝마""…전담부서 인천공항에 2곳 신설",Social
"'성범죄 의혹' 황석희, 2일 전 ""딸 아빠"" 내세워…누리꾼 ""실망""",Social
[더 라이프이스트-김영헌의 마중물] 시니어의 귀환,Social
신입생 화장실에 가두고 뺨때린 여중생들…입학 첫날부터 학폭,Social
"'20대 여성 틱토커 살해·시신유기' 50대 男, ""단죄 받아 마땅하다""더니⋯징역 40년에 '항소'",Social
"광주교도소, 제69대 박경선 소장 취임",Social
"""재혼 대신 '리얼돌'과 살면 어때?"" 돌싱에게 물으니…뜻밖 결과",Social
[기자수첩] 퇴직연금 수수료 몇만 원일까…숫자로 직접 본다,Social
"“쯔양 ‘먹고 토하기’ 봤다” 허위사실 제보자, 대학 동창이었다…벌금형 약식명령",Social
"""이럴 땐 어떡해야 해?""...부천 유치원교사 사망 전 메시지",Social
“나이 들어서 그런가” 허리 통증 단순 나이 탓?…“NO”,Social
"오세훈 ""대통령보다 5선 서울시장 원해…당에 바라는 것 없어""",Social
'성범죄 전과 의혹' 번역가 황석희…SNS에 입장 밝혔다,Social
"이재명 대통령 ""국가폭력 범죄 공소·소멸 시효 폐지... 나치 전범처럼 영구 처벌""",Social
국민의힘 경북지사 경선 '진흙탕' 공방…토론 앞두고 난타전,Social
"""5천만원 투자사기 신고하자 인분 투척""…인천서도 피해 신고",Social
"43년간 600회 헌혈한 60대 남성… ""만 70세까지 하는 것이 목표""",Social
사탐런 이어 '확통런' 급증…3월 학평서 수험생 절반 응시,Social
“어디서 새치기야” 차량 몰린 주유소 ‘칼부림’까지 벌어졌다 [세상&],Social
[자막뉴스] 성폭행범에 웬 '저명인사 명예보호'? 10년 내내 독방 '특혜' 받은 JMS,Social
더불어민주당 원주시장 후보 토론회 개최 합의 불발 놓고 시끌,Social
'대북 송금' 수사 검사 반발에 녹취 추가 공개 예고…진실게임 돌입,Social
"""사재기 안해도 된다""…정부, 종량제 봉투 부족할 땐 일반 봉투 허용",Social
"이 대통령, ‘제2공항’ 즉석 찬반 묻고 “여러분이 잘 판단하시라”···장외선 찬반 단체 집회",Social
글로벌허브도시법 두고 박형준·주진우·부산시당 전방위 민주당 비판(종합),Social
"""너무 아파 눈물""…'고열 출근' 교사 사망 전 남긴 메시지",Social
"고유가에 화물차 기사들 한숨만...""멈춰야 할 수도""",Social
"이 대통령·김현지 실장 겨냥 ‘막말’…김미나 창원시의원, 불구속기소",Social
“내 BMW 바퀴 통째로 사라져”...인천 주차장서 벌어진 황당한 일,Social
출발한 열차 문 두드리며 따라가다…90대 선로 추락해 참변,Social
“민주당은 민주주의 버렸다” 김태성·정광호 조국혁신당 전격 입당,Social
"경찰, 인형뽑기 가게 돌던 10대 무리 1600만원 훔친 혐의로 체포",Social
프로포폴 투약 운전자 추궁했더니…공급자가 '동물병원 원장',Social
"국민의힘 대구시장 예비후보 윤재옥 ""지역구에 자택 있다""",Social
"맞벌이 부부 가사·돌봄, 여성이 남성 2.9배…성평등 갈 길 멀어",Social
"""제주를 탄소중립 개척지이자, 인공지능 인재 육성 허브로""",Social
2026북중미 월드컵도 제대로 못 볼까…중계권 독점JTBC와 지상파 3사 협상 난항,Social
"서울시, 광화문광장 ‘받들어총’ 조형물 4월 말까지 설치한다",Social
중학생에 '길거리 흡연' 지적했다가...되레 신고당한 명현만 [지금이뉴스],Social
홍대 인형뽑기방 5곳 턴 10대 일당 검거…현금 1600만원 훔쳐,Social
"“여성 혐오 반성하자”더니 성범죄 전력?…황석희 번역가, SNS엔 “초등학교 입학 앞둔 딸 아빠” 게시물",Social
"신정훈, 강기정 꺾고 단일후보…與 전남광주시장 3강 재편(종합)",Social
"입학식 날 화장실서 집단 폭행, 영상 올린 여중생들 송치",Social
"[단독] 서울대, AI 석학 5명 데려온다…연봉 3억 걸고 AX '대수술'",Social
"롯데자이언츠 승리하면 이자도 '쑥'…부산은행, 가을야구 예·적금 출시",Social
10대 자살·20대 폭력·50대 산재·70대 추락…연령별 ‘손상 패턴’,Social
중동 여파로 현수막·공보물 값 줄줄이↑…광주 군소정당 어쩌나,Social
"이 대통령에 막말한 김미나 창원시의원, 결국 재판행",Social
"오세훈, 국가유산청장과 회동…세운4구역 관련 TF 곧 구성",Social
"안전공업 화재 계기…대전시, 산업단지 전수조사·제도 개선 착수",Social
무면허 만취 상태로 말소 BMW 운전하다 사고 낸 30대 불법체류 태국 여성 구속영장,Social
'산부인과' 전문의 42%는 전공외 진료…분만은 12% 불과,Social
이원택 “지지율 떨어진 적 없다”…경선 ‘결선 변수’ 자신감,Social
환자 폭행 학대한 간병인 ‘관리·감독 소홀’ 책임… 요양병원장 벌금형,Social
"시민단체, 김민석 국무총리 고발…'12·29 여객기 참사' 직무유기 혐의",Social
호르무즈 발 묶인 韓실습선원 1명 추가 하선…175명 남았다,Social
[단독]16년 만에 한국 왔다 붙잡힌 외국인 카드 위조범,Social
"""여기가 밥값 제일 싸다"" 거지맵이 알려준 최저가 식당은…[오목조목]",Social
신용한 “명태균 고소…이번 주내 맞고소할 것”,Social
"육군항공학교, '한국 회전익기 전시회' 성황…아파치·수리온 총출동",Social
"이철우·김재원 예비후보, 감정선 자극하며 '극한대립'",Social
김일윤·임인배·김석준 전 의원…국민의힘 김재원 경북지사 예비후보 지지선언,Social
경남교육감 진보 단일후보에 송영기 선정…전창현 사퇴 후 공동본부 합류,Social
"한국서 20년 산 60대 중국인, 장기기증으로 4명에 새 생명",Social
신상공개 범죄자 80%가 무기징역…'범죄 예방' 실효성 의문,Social
"[단독] 전재수, 내달 2~3일 경 부산시장 출마선언",Social
술자리서 지인 살해하려 한 60대…항소심도 징역 6년,Social
"“쯔양 ‘먹토’ 봤다” 허위 제보한 대학 동창, 벌금 700만원 처분",Social
"오세훈 ""서울 시민들과의 약속 지키는 것이 지금 나에게 가장 중요""",Social
"""기억이 없다"" 홍성 산불 방화 혐의 50대 긴급 체포해 영장",Social
"""방화범 있다"" 잇단 화재…한양여대 '발칵'",Social
여성 혼자 사는 집에 강도 4명 침입…“벨 누르고 들어가”,Social
"섬에어, 사천공항 신규 취항…사천~김포 하루 4회서 12회로",Social
'재개발 투자 미끼' 16억원 사기극..50대 항소심도 실형,Social
7년 갈등 마침표 찍나… 분당수서로 소음 해법 ‘쏠린눈’,Social
망한 투자에서 시작된 8년의 동행,Social
"20대 女틱토커 살해하고 시신유기, 징역40년…쌍방 항소",Social
"돈까스 4000원, 순댓국 3500원 '거지맵' 뭐길래…""고물가 시대에 필수""",Social
"오세훈, 광화문 '감사의정원' 석재 기증 9개국 외교단 초청",Social
중동해역에 발묶인 선원들…전쟁 장기화에 하선 잇따라,Social
"종합특검 '金여사 도이치 사건 무마' 수사팀 조사…""인력 충원""",Social
"한양여대 화재로 100여명 대피…경찰, 방화 용의자 조사",Social
“문제는 뱃살이야”… 통풍 부르는 ‘고요산혈증’ 위험 ↑,Social
"""가난·압박 속 강제 이별""…혼혈 입양인들, 진화위에 진실규명 신청",Social
용인 반도체 국가산단 이전 논란···여론은 “원안 추진이 답”,Social
"부산경찰청, 31일부터 부산 서면 일대서 이륜차 광역단속",Social
'분양권 투자 사기' 16억 가로챈 경찰관 아내…항소심도 징역 5년,Social
"""너무 아파 눈물, 미치겠어""…숨진 유치원 교사가 남긴 메시지",Social
"서울시 ""성동문화원 '성범죄자 재임명'은 자치구 책임...정원오에 유감""",Social
"부산소방, ‘라이프세이버’ 신설… 현장 영웅 예우 강화",Social
구자열 '토론 불참'…민주당 원주시장 경선 균열,Social
18세 이하 ‘비질병 사망’ 54%가 자살…자해·자살 시도 9년새 6.5배로,Social
"국힘 창원시장 '컷오프' 반발…박성호, 효력정지 가처분 신청",Social
"오세훈 ""서울 지키기 최우선…당 변화 없인 보수 재건 어려워""",Social
미스대구 후보 사전합숙 성료…다음달 12일 '미스 대구' 뽑는다,Social
"이유 없는 두근거림 반복된다면 ... 부정맥, 언제 의심해 봐야 할까?",Social
"'국가폭력범죄 시효 배제', 이번엔 위헌 논란 넘을까",Social
사천∼김포 새 하늘길 열려…섬에어 하루 왕복 4회 신규 취항,Social
"삼천당제약 ""먹는 당뇨·비만약 제네릭 美라이선스 계약""",Social
'청풍호 바람달정원' 벚꽃축제 기간 맞춰 특별개장,Social
4월 건보료 추가되나... 작년엔 62%가 평균 20만원 더 냈다,Social
'국보급 레전드' 박찬호...시구 하나로 전한 깊은 메시지 [현장영상+],Social
"섬에어, 사천~김포 항공노선 정기 운항 시작…하루 왕복 4회",Social
"기후부장관 ""종량제 부족 시 일반봉투 배출 허용…사재기 불필요""",Social
"'쓰봉 사재기' 진화 나선 김성환 장관… ""부족할 땐 일반 봉투에 버리는 것도 허용""",Social
김진태 “획기적 도약 전기” 강원 신청사 착공식…우상호·정의당 반발,Social
"기후에너지부 장관 ""종량제 봉투 부족시 일반 봉투 사용 허용""",Social
"종합특검 ""'김건희 수사 무마' 검찰 수사팀 조사",Social
전처와 통화했다고 죽도로 친구 집 부순 50대,Social
"김종철 방미통위원장, YTN 파행 사태에 ""법 취지 존중돼야, 유감""",Social
"서울시 ""성폭력 혐의 성동문화원장 재임용 깊은 유감""",Social
종합특검 “‘김건희 수사무마 의혹’ 관련 검찰 수사팀 조사”,Social
‘37위에 0-4 완패’ 월드컵 어쩌나…JTBC-지상파 협상 또 결렬,Social
"금강수목원 민간매각 갈등 격화…""공공 숲으로 보전해야""",Social
대전 남부순환고속도로 구봉터널서 5중 추돌사고…6명 부상,Social
경찰 아내가 분양권 사기로 16억 '꿀꺽'…2심도 징역 5년,Social
"'성범죄 전과' 황석희 ""무해한 사람 아냐, 실망할 날 올 것""…재조명",Social
"'1억 공천 헌금' 강선우·김경 사건, 중앙지법 형사1단독 배당",Social
오세훈-허민 지난주 회동…·종묘·세운4구역 갈등 풀리나,Social
강남 아파트 등 247채 굴리며 세금 빼돌려… 임대업자 세무조사,Social
입학식 날 후배 폭행 촬영해 SNS 올린 중학생들 송치,Social
평택 물류창고 ‘수백억 부담금’ 대기업 갑질 의혹 파장,Social
“쯔양 먹고 토하는거 봐” 거짓제보 동창 벌금 700만 원 [자막뉴스],Social
대전남부순환고속도로서 승용차와 중학교 체험학습버스 추돌…학생 등 6명 이송,Social
"""수준 낮은 토론 지켜봐야 하는 광주·전남 시민 불행""",Social
"[속보] 새벽 3시 여성 홀로 사는 집에 ‘딩동’, 문 여니 20대 떼강도 닥쳤다",Social
'연분홍 물결 시작' 여의도 윤중로 벚꽃 개화 [뉴시스Pic],Social
"안전공업 64살 베테랑…생전 “불 잦아, 회사 돈 많은데 비품 안 사주네”",Social
신정훈 단일화 효과 통할까…민주당 특별시장 경선 판세 '출렁',Social
[단독]가족 돌보느라 지각·결석·결근···하루 8시간 ‘독박 돌봄’ 시달리는 청소년·청년들,Social
기후부 장관 “쓰레기봉투 부족시 일반 봉투에 버리게 허용”…마트·편의점 일부는 구매 제한,Social
“원인 모를 발달장애” 실마리 풀었다…유전자 ‘읽기 오류’가 범인,Social
"행정수도특별법 또다시 뒷순위, 세종시민 기대에 '찬물'",Social
"""결혼식에 2천만 원 사용""…줄어들던 결혼 비용 다시 올랐다",Social
유명 번역가 황석희 성범죄 전과 의혹 제기에 “변호사와 검토 진행 중” 법적 대응 예고,Social
"의정부 도심 하천에 때이른 녹조…""이상 고온 원인 추정""",Social
"종합특검, 비상계엄 당시 '선관위 체포조' 의혹 본격 수사",Social
"종합특검 ""'김건희 수사무마' 당시 검찰 수사팀 조사""",Social
싼 식당 정보 공유 ‘거지맵’ 눈길…지갑 얇은 청년들 몰려,Social
"경찰, '이진숙 모욕 혐의' 최민희 불송치",Social
"'쯔양, 먹방 하고 온 날 토한 흔적 목격'…유튜버 주작감별사에 허위제보한 대학 동창 벌금 700만원 약식명령",Social
"""재개발 아파트 투자해""…분양권 미끼로 16억 사기 50대",Social
"진성준 ""부동산 보유세 인상, 7월 세제 개편 포함 가능성 상당""",Social
"""위기의 대구·경북, 정치·경제 혁신으로 신경제권 창조할 때다""",Social
"전국 최초 '1도 1국립대'…""세계가 주목하는 대학으로""",Social
"""최저임금 노동자 10명 중 9명, '생활비 부족'·'월 250만 원'은 받아야""",Social
"'전처와 통화' 분개, 죽도 휘둘러 친구 집 부순 50대 '징역형'",Social
민주 부산시장 경선 일정 확정…전재수·이재성 2파전,Social
39.8도 고열에도 출근… 결국 사망한 20대 유치원교사,Social
국민의힘 창원·의령 공천 경쟁 진흙탕 싸움,Social
기름값 저렴한 주유소서 줄 서있다 끼어든 차량에 화가 나 흉기 꺼내 위협한 30대 구속영장,Social
"""쯔양 '먹토' 봤다"" 허위 제보한 대학 동창…벌금 700만 원",Social
[이슈플러스]제네릭 쏟아져도 가격 그대로…“경쟁 없는 시스템 바꿔야”,Social
